dataset,query_id,model,ndcg@10,recall@100,precision@10,reciprocal_rank,average_precision
nfcorpus,PLAIN-1008,bm25,0.0,0.0,0.0,0.0,0.0
nfcorpus,PLAIN-1018,bm25,0.4922818839877925,0.1333333333333333,0.6,0.3333333333333333,0.0690566378066378
nfcorpus,PLAIN-102,bm25,0.1486862453784489,0.0416666666666666,0.1,0.2,0.0129500652712666
nfcorpus,PLAIN-1028,bm25,0.0,0.0,0.0,0.0043290043290043,0.0043290043290043
nfcorpus,PLAIN-1039,bm25,1.0,1.0,0.2,1.0,1.0
nfcorpus,PLAIN-1050,bm25,0.0636207881989517,0.0106382978723404,0.1,0.1,0.001063829787234
nfcorpus,PLAIN-1066,bm25,0.0,0.0,0.0,0.0,0.0
nfcorpus,PLAIN-1088,bm25,0.5531464700081437,0.4,0.2,1.0,0.4
nfcorpus,PLAIN-1098,bm25,0.0,0.0,0.0,0.0,0.0
nfcorpus,PLAIN-1109,bm25,0.604685538711841,0.1224489795918367,0.5,1.0,0.0706649138704887
nfcorpus,PLAIN-1119,bm25,0.0,0.0,0.0,0.0,0.0
nfcorpus,PLAIN-112,bm25,0.4439982334711379,0.0892857142857142,0.2,1.0,0.0428907859105339
nfcorpus,PLAIN-1130,bm25,1.0,1.0,0.1,1.0,1.0
nfcorpus,PLAIN-1141,bm25,0.2200917662980801,0.1875,0.1,1.0,0.0796332052073945
nfcorpus,PLAIN-1151,bm25,0.2344065099232998,0.065359477124183,0.3,0.25,0.0137025911729214
nfcorpus,PLAIN-1161,bm25,0.0,0.0,0.0,0.0,0.0
nfcorpus,PLAIN-1172,bm25,0.2200917662980801,0.0526315789473684,0.1,1.0,0.0526315789473684
nfcorpus,PLAIN-1183,bm25,0.2895229882348574,0.08,0.2,1.0,0.05
nfcorpus,PLAIN-1193,bm25,0.0636207881989517,0.4444444444444444,0.1,0.1,0.0448646221191911
nfcorpus,PLAIN-12,bm25,0.0,0.1,0.0,0.0476190476190476,0.0049282715830428
nfcorpus,PLAIN-1203,bm25,0.3589542101716347,0.1666666666666666,0.2,1.0,0.1683673469387755
nfcorpus,PLAIN-1214,bm25,0.0,0.0,0.0,0.0,0.0
nfcorpus,PLAIN-1225,bm25,0.5363559634917963,0.3703703703703703,0.6,0.5,0.2105946522613189
nfcorpus,PLAIN-123,bm25,0.0298876143358893,0.0980392156862745,0.1,0.1428571428571428,0.0112416821088677
nfcorpus,PLAIN-1236,bm25,0.3391602052736161,0.2,0.1,1.0,0.2
nfcorpus,PLAIN-1249,bm25,0.0,0.0,0.0,0.0,0.0
nfcorpus,PLAIN-1262,bm25,0.3621108234757071,0.3,0.3,1.0,0.1678781552125513
nfcorpus,PLAIN-1275,bm25,0.4537425745411855,0.109090909090909,0.3,1.0,0.0686147186147186
nfcorpus,PLAIN-1288,bm25,0.7381919257729245,0.0510204081632653,0.7,1.0,0.0378821858413695
nfcorpus,PLAIN-1299,bm25,0.3052348839397011,0.0491803278688524,0.2,1.0,0.0283971219517327
nfcorpus,PLAIN-1309,bm25,0.0,0.0,0.0,0.0,0.0
nfcorpus,PLAIN-1320,bm25,0.4430895440946126,0.5,0.3,0.5,0.266657329598506
nfcorpus,PLAIN-133,bm25,0.0,0.0277777777777777,0.0,0.037037037037037,0.005269229697832
nfcorpus,PLAIN-1331,bm25,0.0,0.0,0.0,0.0,0.0
nfcorpus,PLAIN-1342,bm25,0.3909273842002216,0.3125,0.4,0.5,0.1575757575757575
nfcorpus,PLAIN-1353,bm25,0.0,0.0,0.0,0.0,0.0
nfcorpus,PLAIN-1363,bm25,0.2200917662980801,0.0909090909090909,0.1,1.0,0.0909090909090909
nfcorpus,PLAIN-1374,bm25,0.0783982689786753,0.1153846153846153,0.1,0.1666666666666666,0.0232269176745752
nfcorpus,PLAIN-1387,bm25,0.6569815082938862,0.6666666666666666,0.6,1.0,0.4729751729751729
nfcorpus,PLAIN-1398,bm25,1.0,0.2718446601941747,1.0,1.0,0.25769900002024
nfcorpus,PLAIN-1409,bm25,0.0636207881989517,0.0237154150197628,0.1,0.1,0.0026470464627085
nfcorpus,PLAIN-1419,bm25,0.3148801306676309,0.0307692307692307,0.2,1.0,0.023076923076923
nfcorpus,PLAIN-1429,bm25,0.0,0.0,0.0,0.0039682539682539,0.003235887566481
nfcorpus,PLAIN-143,bm25,0.5055967794435843,0.0784313725490196,0.2,1.0,0.0341668371742719
nfcorpus,PLAIN-1441,bm25,0.4288398090337664,0.1290322580645161,0.4,0.5,0.0596363680449743
nfcorpus,PLAIN-1453,bm25,0.3052348839397011,0.1061224489795918,0.2,1.0,0.1089466156011907
nfcorpus,PLAIN-1463,bm25,0.4035015715464802,0.375,0.3,1.0,0.1385292018175411
nfcorpus,PLAIN-1473,bm25,1.0,1.0,0.1,1.0,1.0
nfcorpus,PLAIN-1485,bm25,0.0,0.0,0.0,0.0,0.0
nfcorpus,PLAIN-1496,bm25,0.0,0.0,0.0,0.0,0.0
nfcorpus,PLAIN-1506,bm25,0.2984900352767555,0.1333333333333333,0.2,1.0,0.0888888888888888
nfcorpus,PLAIN-1516,bm25,0.0,0.0,0.0,0.0,0.0
nfcorpus,PLAIN-1527,bm25,0.8669479898642709,0.1584158415841584,0.8,1.0,0.1430379116083165
nfcorpus,PLAIN-153,bm25,0.4097040910402635,0.2127659574468085,0.6,1.0,0.1260800412133776
nfcorpus,PLAIN-1537,bm25,0.0,0.2,0.0,0.0909090909090909,0.0369446223412358
nfcorpus,PLAIN-1547,bm25,0.0,0.0,0.0,0.0012886597938144,0.0002147766323024
nfcorpus,PLAIN-1557,bm25,0.2781981696179509,0.1538461538461538,0.3,0.3333333333333333,0.0575845722904546
nfcorpus,PLAIN-1568,bm25,1.0,1.0,0.2,1.0,1.0
nfcorpus,PLAIN-1579,bm25,0.3391602052736161,0.2,0.1,1.0,0.2
nfcorpus,PLAIN-1590,bm25,0.2200917662980801,0.2222222222222222,0.1,1.0,0.0697949817812831
nfcorpus,PLAIN-1601,bm25,0.5806020001118017,0.2297297297297297,0.6,0.5,0.1351815413094663
nfcorpus,PLAIN-1611,bm25,0.0,0.0,0.0,0.0,0.0
nfcorpus,PLAIN-1621,bm25,0.0,0.0,0.0,0.0,0.0
nfcorpus,PLAIN-1635,bm25,0.5017100640839688,0.1461716937354988,0.6,0.5,0.1313460420783818
nfcorpus,PLAIN-1645,bm25,0.3026024134988135,0.1666666666666666,0.1,1.0,0.1666666666666666
nfcorpus,PLAIN-165,bm25,0.3237910591480163,0.2777777777777778,0.4,0.5,0.1332735951743622
nfcorpus,PLAIN-1656,bm25,0.0947883643695507,0.0357142857142857,0.1,0.25,0.0171574831130763
nfcorpus,PLAIN-1667,bm25,0.8165901947515999,0.2264150943396226,0.8,1.0,0.1578812550801091
nfcorpus,PLAIN-1679,bm25,0.0,0.0,0.0,0.0,0.0
nfcorpus,PLAIN-1690,bm25,0.0,0.25,0.0,0.0217391304347826,0.0070904117477684
nfcorpus,PLAIN-1700,bm25,0.0,0.0,0.0,0.0,0.0
nfcorpus,PLAIN-1710,bm25,1.0,0.8125,1.0,1.0,0.8125
nfcorpus,PLAIN-1721,bm25,0.6594803070902427,0.1935483870967742,0.6,1.0,0.1544364300112444
nfcorpus,PLAIN-1731,bm25,0.7653606369886217,0.6666666666666666,0.2,1.0,0.6666666666666666
nfcorpus,PLAIN-1741,bm25,1.0,0.1547619047619047,1.0,1.0,0.1344990442222638
nfcorpus,PLAIN-175,bm25,0.3249649487838764,0.1081081081081081,0.3,1.0,0.0966934794830007
nfcorpus,PLAIN-1752,bm25,0.0,0.0,0.0,0.0,0.0
nfcorpus,PLAIN-1762,bm25,0.2685255697426522,0.625,0.2,0.5,0.1877444214400735
nfcorpus,PLAIN-1772,bm25,1.0,1.0,0.2,1.0,1.0
nfcorpus,PLAIN-1784,bm25,0.0,0.0,0.0,0.0,0.0
nfcorpus,PLAIN-1794,bm25,1.0,1.0,0.2,1.0,1.0
nfcorpus,PLAIN-1805,bm25,0.9266360779006398,0.2241379310344827,0.9,1.0,0.2013364239294602
nfcorpus,PLAIN-1817,bm25,0.538431315257452,0.1481481481481481,0.4,1.0,0.1296296296296296
nfcorpus,PLAIN-1827,bm25,0.0,0.0,0.0,0.0,0.0
nfcorpus,PLAIN-1837,bm25,1.0,0.2397959183673469,1.0,1.0,0.220691675379945
nfcorpus,PLAIN-1847,bm25,0.3301376494471202,0.1818181818181818,0.2,1.0,0.1515151515151515
nfcorpus,PLAIN-1857,bm25,0.6274092458891772,0.1818181818181818,0.5,1.0,0.1414594993992652
nfcorpus,PLAIN-186,bm25,0.11004588314904,0.0416666666666666,0.1,0.3333333333333333,0.0149421229867403
nfcorpus,PLAIN-1867,bm25,0.0,0.0,0.0,0.0,0.0
nfcorpus,PLAIN-1877,bm25,0.0,0.0555555555555555,0.0,0.0108695652173913,0.0090708774902554
nfcorpus,PLAIN-1887,bm25,0.0,0.0,0.0,0.0,0.0
nfcorpus,PLAIN-1897,bm25,0.0,0.0,0.0,0.0,0.0
nfcorpus,PLAIN-1909,bm25,1.0,0.0712742980561555,1.0,1.0,0.0548410401203368
nfcorpus,PLAIN-1919,bm25,0.7935840677649109,0.6296296296296297,0.7,1.0,0.4140308358600886
nfcorpus,PLAIN-1929,bm25,0.0,0.0,0.0,0.0,0.0
nfcorpus,PLAIN-1940,bm25,0.3589542101716347,0.1666666666666666,0.2,1.0,0.1666666666666666
nfcorpus,PLAIN-1950,bm25,0.2489083270225946,0.1538461538461538,0.2,0.5,0.0897435897435897
nfcorpus,PLAIN-196,bm25,0.6691255538181726,0.1159420289855072,0.6,1.0,0.0803610046918222
nfcorpus,PLAIN-1962,bm25,0.0,0.0,0.0,0.0,0.0
nfcorpus,PLAIN-1972,bm25,0.0,0.0,0.0,0.0,0.0
nfcorpus,PLAIN-1983,bm25,1.0,0.5,1.0,1.0,0.4498441942306358
nfcorpus,PLAIN-1995,bm25,0.0,0.0909090909090909,0.0,0.0212765957446808,0.005701115863072
nfcorpus,PLAIN-2,bm25,0.7977097231960363,0.625,0.8,1.0,0.4533355376104974
nfcorpus,PLAIN-2009,bm25,0.1264713513838285,0.125,0.1,0.3333333333333333,0.0416666666666666
nfcorpus,PLAIN-2019,bm25,0.4692787260227564,0.3333333333333333,0.1,1.0,0.3333333333333333
nfcorpus,PLAIN-2030,bm25,0.3026024134988135,0.1666666666666666,0.1,1.0,0.1666666666666666
nfcorpus,PLAIN-2040,bm25,0.7573821447149965,0.0606060606060606,0.7,1.0,0.0492146742146742
nfcorpus,PLAIN-2051,bm25,0.7133080652109928,0.1267605633802817,0.7,1.0,0.1080766622297678
nfcorpus,PLAIN-2061,bm25,0.933745776545611,0.0780487804878048,0.9,1.0,0.0692239200181051
nfcorpus,PLAIN-207,bm25,0.3679212572135327,0.2909090909090909,0.3,1.0,0.1203582239204416
nfcorpus,PLAIN-2071,bm25,0.5810820381115674,0.2,0.5,1.0,0.1321113962290433
nfcorpus,PLAIN-2081,bm25,1.0,1.0,0.1,1.0,1.0
nfcorpus,PLAIN-2092,bm25,0.6489315753318465,0.5,0.5,1.0,0.5
nfcorpus,PLAIN-2102,bm25,0.5352543167750637,0.0973871733966745,0.4,1.0,0.0695887709157004
nfcorpus,PLAIN-2113,bm25,0.0,0.0,0.0,0.0,0.0
nfcorpus,PLAIN-2124,bm25,0.3589542101716347,0.1176470588235294,0.2,1.0,0.1176470588235294
nfcorpus,PLAIN-2134,bm25,0.0,0.0,0.0,0.0,0.0
nfcorpus,PLAIN-2145,bm25,0.1482972305701491,0.1111111111111111,0.1,0.5,0.0570594690359088
nfcorpus,PLAIN-2156,bm25,0.644824486427155,0.5,0.3,1.0,0.5
nfcorpus,PLAIN-2167,bm25,0.0,0.0,0.0,0.0,0.0
nfcorpus,PLAIN-217,bm25,0.0,0.0555555555555555,0.0,0.0333333333333333,0.0098733572559932
nfcorpus,PLAIN-2177,bm25,0.297271596442057,0.125,0.3,0.5,0.0541666666666666
nfcorpus,PLAIN-2187,bm25,0.3833427799846345,0.2222222222222222,0.2,1.0,0.2222222222222222
nfcorpus,PLAIN-2197,bm25,0.8579809428223729,0.1379310344827586,0.8,1.0,0.1313970990695128
nfcorpus,PLAIN-2209,bm25,0.0,0.0,0.0,0.0,0.0
nfcorpus,PLAIN-2220,bm25,0.2350455494144854,0.1111111111111111,0.1,1.0,0.1111111111111111
nfcorpus,PLAIN-2230,bm25,0.0,0.0,0.0,0.0,0.0
nfcorpus,PLAIN-2240,bm25,0.5517854393872873,0.4545454545454545,0.5,1.0,0.3164502164502165
nfcorpus,PLAIN-2250,bm25,0.0,0.0,0.0,0.0,0.0
nfcorpus,PLAIN-2261,bm25,0.4490337875200924,0.15,0.5,0.5,0.0561772486772486
nfcorpus,PLAIN-227,bm25,0.11004588314904,0.025,0.1,0.3333333333333333,0.0096461428936651
nfcorpus,PLAIN-2271,bm25,0.0,0.0,0.0,0.0,0.0
nfcorpus,PLAIN-2281,bm25,0.0,0.0,0.0,0.0,0.0
nfcorpus,PLAIN-2291,bm25,0.4522136070314881,0.4,0.2,1.0,0.2571428571428571
nfcorpus,PLAIN-23,bm25,0.2932665820246888,0.1222222222222222,0.5,1.0,0.0823580114491397
nfcorpus,PLAIN-2301,bm25,0.0,0.0,0.0,0.003076923076923,0.0002366863905325
nfcorpus,PLAIN-2311,bm25,0.0,0.0,0.0,0.0,0.0
nfcorpus,PLAIN-2321,bm25,0.0,0.0,0.0,0.0,0.0
nfcorpus,PLAIN-2332,bm25,0.5100691314582919,0.134020618556701,0.4,1.0,0.053903922409591
nfcorpus,PLAIN-2343,bm25,0.0,0.0,0.0,0.0,0.0
nfcorpus,PLAIN-2354,bm25,0.5087403079104241,0.4,0.2,1.0,0.3333333333333333
nfcorpus,PLAIN-2364,bm25,0.0,0.0,0.0,0.0,0.0
nfcorpus,PLAIN-2375,bm25,0.0,0.0,0.0,0.0,0.0
nfcorpus,PLAIN-238,bm25,0.0,0.037037037037037,0.0,0.0303030303030303,0.0080848621473092
nfcorpus,PLAIN-2386,bm25,0.0,0.0,0.0,0.0,0.0
nfcorpus,PLAIN-2396,bm25,0.0,0.0,0.0,0.0,0.0
nfcorpus,PLAIN-2408,bm25,0.0,0.0,0.0,0.0,0.0
nfcorpus,PLAIN-2430,bm25,0.3589542101716347,0.1739130434782608,0.2,1.0,0.0788167533241064
nfcorpus,PLAIN-2440,bm25,0.0,0.0,0.0,0.0078125,0.0018859910040788
nfcorpus,PLAIN-2450,bm25,0.314880130667631,0.1842105263157894,0.2,1.0,0.0753678932363235
nfcorpus,PLAIN-2460,bm25,0.2873431773791807,0.2580645161290322,0.1,1.0,0.0863668707328429
nfcorpus,PLAIN-2470,bm25,0.1413750748245432,0.1917808219178082,0.2,0.2,0.0535342664987482
nfcorpus,PLAIN-248,bm25,0.0947883643695507,0.1612903225806451,0.1,0.25,0.0440531899518274
nfcorpus,PLAIN-2480,bm25,0.2345146442307402,0.3333333333333333,0.3,0.5,0.1157551622077206
nfcorpus,PLAIN-2490,bm25,0.5709902424223862,0.2608695652173913,0.3,1.0,0.1455956037205284
nfcorpus,PLAIN-2500,bm25,0.1256829249040715,0.4285714285714285,0.1,0.1,0.0777575816465866
nfcorpus,PLAIN-2510,bm25,0.8318477135310891,0.5434782608695652,0.8,1.0,0.3356396923137216
nfcorpus,PLAIN-2520,bm25,0.079194502801896,0.136986301369863,0.3,0.25,0.0449431624820982
nfcorpus,PLAIN-2530,bm25,0.9053206285482486,0.3055555555555556,1.0,1.0,0.2801365308002361
nfcorpus,PLAIN-2540,bm25,0.2540090091933497,0.4285714285714285,0.2,1.0,0.1466498085873564
nfcorpus,PLAIN-2550,bm25,0.0,0.2,0.0,0.0769230769230769,0.0353266108958987
nfcorpus,PLAIN-2560,bm25,0.7859162856301584,0.7142857142857143,0.7,1.0,0.4698372789690713
nfcorpus,PLAIN-2570,bm25,0.1601404351965604,0.1,0.1,0.5,0.0209132379895077
nfcorpus,PLAIN-2580,bm25,0.3974825117939154,0.1304347826086956,0.2,1.0,0.0841227194916096
nfcorpus,PLAIN-259,bm25,0.3589542101716347,0.2142857142857142,0.2,1.0,0.14937119705351
nfcorpus,PLAIN-2590,bm25,0.0221462367584597,0.0793650793650793,0.1,0.1,0.0215913754487166
nfcorpus,PLAIN-2600,bm25,0.2270788707939271,0.3,0.2,0.25,0.0633109471470924
nfcorpus,PLAIN-2610,bm25,0.266379247589265,0.1475409836065573,0.2,1.0,0.051455476341906
nfcorpus,PLAIN-2620,bm25,0.266379247589265,0.1818181818181818,0.2,1.0,0.0876561284685243
nfcorpus,PLAIN-2630,bm25,0.4440973278132556,0.2708333333333333,0.3,1.0,0.1331316826011782
nfcorpus,PLAIN-2640,bm25,0.4830218690873669,0.5416666666666666,0.7,1.0,0.3324824443028616
nfcorpus,PLAIN-2650,bm25,0.494639655562801,0.3793103448275862,0.4,1.0,0.1545149032920544
nfcorpus,PLAIN-2660,bm25,0.2426178552850033,0.2222222222222222,0.3,0.25,0.0756667391968447
nfcorpus,PLAIN-2670,bm25,0.3406992958233561,0.1142857142857142,0.1,1.0,0.0407042247985772
nfcorpus,PLAIN-2680,bm25,0.2855599201708855,0.2857142857142857,0.2,0.5,0.1055173632686497
nfcorpus,PLAIN-2690,bm25,0.1157187032279621,0.1162790697674418,0.2,0.5,0.0313888304559413
nfcorpus,PLAIN-270,bm25,0.2200917662980801,0.2115384615384615,0.1,1.0,0.0723251034698575
nfcorpus,PLAIN-2700,bm25,0.2149573227557991,0.3,0.1,0.5,0.080139564177326
nfcorpus,PLAIN-2710,bm25,0.5797960522822956,0.2857142857142857,0.3,1.0,0.1647589412063001
nfcorpus,PLAIN-2720,bm25,0.1314305989328058,0.1944444444444444,0.2,0.5,0.0509777882683552
nfcorpus,PLAIN-2730,bm25,0.2931383856851722,0.3448275862068966,0.4,0.25,0.1016804943082374
nfcorpus,PLAIN-2740,bm25,0.4775498912169242,0.24,0.4,0.5,0.0985418751127271
nfcorpus,PLAIN-2750,bm25,0.5017388706618096,0.2203389830508474,0.6,1.0,0.1258188816057543
nfcorpus,PLAIN-2760,bm25,0.0,0.0,0.0,0.0,0.0
nfcorpus,PLAIN-2770,bm25,0.358465056157868,0.3170731707317073,0.3,1.0,0.1333600111872853
nfcorpus,PLAIN-2780,bm25,0.3503988098744159,0.4090909090909091,0.4,1.0,0.199463014826377
nfcorpus,PLAIN-2790,bm25,0.6421867266689009,0.135593220338983,0.5,1.0,0.1087156852852771
nfcorpus,PLAIN-280,bm25,0.4035015715464802,0.4,0.3,1.0,0.1495242809095592
nfcorpus,PLAIN-2800,bm25,0.0489104000210772,0.125,0.1,0.25,0.0243718212832095
nfcorpus,PLAIN-2810,bm25,0.0433588725289416,0.5,0.1,0.1666666666666666,0.0533031273198179
nfcorpus,PLAIN-2820,bm25,0.0,0.125,0.0,0.0212765957446808,0.0160177826874239
nfcorpus,PLAIN-2830,bm25,0.4581993337160799,0.3333333333333333,0.1,0.5,0.1694296224825449
nfcorpus,PLAIN-2840,bm25,0.0,0.0,0.0,0.00390625,0.0004141791904849
nfcorpus,PLAIN-2850,bm25,0.0,0.0,0.0,0.009090909090909,0.0081223165767258
nfcorpus,PLAIN-2860,bm25,1.0,1.0,0.2,1.0,1.0
nfcorpus,PLAIN-2870,bm25,0.0,0.2,0.0,0.0909090909090909,0.0189481017067223
nfcorpus,PLAIN-2880,bm25,0.0,0.0,0.0,0.0027932960893854,0.0014969412747064
nfcorpus,PLAIN-2890,bm25,0.1773588901300731,0.0344827586206896,0.1,0.2,0.010090134953134
nfcorpus,PLAIN-2900,bm25,0.0897087965267405,0.1666666666666666,0.1,0.1,0.0160908899892801
nfcorpus,PLAIN-291,bm25,0.3589542101716347,0.2307692307692307,0.2,1.0,0.177851154918677
nfcorpus,PLAIN-2910,bm25,0.242496821534539,0.0666666666666666,0.1,0.5,0.0342163355408388
nfcorpus,PLAIN-2920,bm25,0.0,0.1428571428571428,0.0,0.04,0.0062767154105736
nfcorpus,PLAIN-2930,bm25,0.4584660801557625,0.4285714285714285,0.1,1.0,0.1009865714185522
nfcorpus,PLAIN-2940,bm25,0.0,0.0,0.0,0.0087719298245614,0.0056632194105354
nfcorpus,PLAIN-2950,bm25,0.0,0.0,0.0,0.0,0.0
nfcorpus,PLAIN-2960,bm25,0.3558398982930782,0.5,0.1,0.25,0.1261074197120708
nfcorpus,PLAIN-2970,bm25,0.0,0.0,0.0,0.005050505050505,0.0037041315237102
nfcorpus,PLAIN-2981,bm25,0.591226240967785,0.2857142857142857,0.2,1.0,0.1884881815364624
nfcorpus,PLAIN-2991,bm25,0.3065735963827292,0.5,0.1,0.3333333333333333,0.1666666666666666
nfcorpus,PLAIN-3001,bm25,0.2640681225725909,0.5,0.1,0.25,0.125
nfcorpus,PLAIN-3014,bm25,0.0,0.0,0.0,0.0,0.0
nfcorpus,PLAIN-3026,bm25,0.3154648767857287,1.0,0.1,0.125,0.125
nfcorpus,PLAIN-3037,bm25,0.0,0.0,0.0,0.0,0.0
nfcorpus,PLAIN-3053,bm25,0.7653606369886218,0.6666666666666666,0.2,1.0,0.6666666666666666
nfcorpus,PLAIN-3063,bm25,0.0,0.0,0.0,0.0046082949308755,0.0011520737327188
nfcorpus,PLAIN-307,bm25,0.2960819109658653,1.0,0.1,0.5,0.2731092436974789
nfcorpus,PLAIN-3074,bm25,1.0,1.0,0.1,1.0,1.0
nfcorpus,PLAIN-3085,bm25,1.0,1.0,0.2,1.0,1.0
nfcorpus,PLAIN-3097,bm25,0.515157140670655,0.5,0.1,1.0,0.2672413793103448
nfcorpus,PLAIN-3116,bm25,0.0,1.0,0.0,0.0108695652173913,0.0108695652173913
nfcorpus,PLAIN-3131,bm25,0.1321610504869595,0.1666666666666666,0.1,0.1428571428571428,0.0238095238095238
nfcorpus,PLAIN-3141,bm25,0.1025607075444263,0.1764705882352941,0.1,0.1111111111111111,0.0157589283287545
nfcorpus,PLAIN-3151,bm25,0.0,0.5555555555555556,0.0,0.0769230769230769,0.1031575948922869
nfcorpus,PLAIN-3161,bm25,0.5995862423800383,0.3488372093023256,0.4,1.0,0.1479815955386188
nfcorpus,PLAIN-3171,bm25,0.1990662497523487,0.2352941176470588,0.3,0.5,0.066942829957443
nfcorpus,PLAIN-3181,bm25,0.0,0.1111111111111111,0.0,0.0769230769230769,0.010739505243052
nfcorpus,PLAIN-3191,bm25,0.1701986992141033,0.4375,0.3,0.1666666666666666,0.1200750989503122
nfcorpus,PLAIN-320,bm25,0.0,0.1428571428571428,0.0,0.0454545454545454,0.035763849726883
nfcorpus,PLAIN-3201,bm25,0.2966012507966712,0.125,0.3,0.25,0.0337462637410991
nfcorpus,PLAIN-3211,bm25,0.0,0.0,0.0,0.0020491803278688,0.0002436460514444
nfcorpus,PLAIN-3221,bm25,0.0,0.1666666666666666,0.0,0.0434782608695652,0.0115341390121417
nfcorpus,PLAIN-3231,bm25,0.0,0.25,0.0,0.0166666666666666,0.0217516197270813
nfcorpus,PLAIN-3241,bm25,0.0,0.0,0.0,0.0,0.0
nfcorpus,PLAIN-3251,bm25,0.054436304265575,0.0952380952380952,0.1,0.1666666666666666,0.0168265159665964
nfcorpus,PLAIN-3261,bm25,0.170349647911678,0.1538461538461538,0.1,0.3333333333333333,0.0325676502634367
nfcorpus,PLAIN-3271,bm25,0.0,0.0612244897959183,0.0,0.0526315789473684,0.0169320982565777
nfcorpus,PLAIN-3281,bm25,0.3843483686763148,0.1153846153846153,0.1,1.0,0.0479241167021644
nfcorpus,PLAIN-3292,bm25,0.4825504658293401,0.7142857142857143,0.4,1.0,0.3778800375175167
nfcorpus,PLAIN-33,bm25,0.0889143169249104,0.09375,0.1,0.2,0.018086117388482
nfcorpus,PLAIN-3302,bm25,0.2492419903764366,0.3783783783783784,0.2,1.0,0.1180739191348599
nfcorpus,PLAIN-3312,bm25,0.1128001036946168,0.6153846153846154,0.2,0.2,0.1256939408589955
nfcorpus,PLAIN-332,bm25,0.6131471927654584,0.5,0.1,1.0,0.5
nfcorpus,PLAIN-3322,bm25,0.0851431176416209,0.0759493670886076,0.1,0.2,0.0549453208416793
nfcorpus,PLAIN-3332,bm25,0.3603064121262688,0.6428571428571429,0.3,1.0,0.210540952545683
nfcorpus,PLAIN-3342,bm25,0.7653606369886218,1.0,0.2,1.0,0.6960784313725491
nfcorpus,PLAIN-3352,bm25,0.0,0.1794871794871795,0.0,0.0434782608695652,0.0265232464311227
nfcorpus,PLAIN-3362,bm25,0.6573548268593186,0.2727272727272727,0.3,1.0,0.2727272727272727
nfcorpus,PLAIN-3372,bm25,0.0,0.0,0.0,0.0041493775933609,0.0004417118278065
nfcorpus,PLAIN-3382,bm25,0.2107858714630148,0.2857142857142857,0.3,1.0,0.1300173689175726
nfcorpus,PLAIN-3392,bm25,0.0,0.0869565217391304,0.0,0.05,0.0061264822134387
nfcorpus,PLAIN-3402,bm25,0.0,0.0714285714285714,0.0,0.0212765957446808,0.0056252924573319
nfcorpus,PLAIN-3412,bm25,0.2162450006036177,0.1428571428571428,0.3,1.0,0.0571111182791848
nfcorpus,PLAIN-3422,bm25,0.0241781676919631,0.5806451612903226,0.1,0.1111111111111111,0.1244560070522041
nfcorpus,PLAIN-3432,bm25,0.2832325164972661,0.2142857142857142,0.3,0.3333333333333333,0.0733392082785786
nfcorpus,PLAIN-344,bm25,0.0820084312128365,0.1147540983606557,0.2,0.3333333333333333,0.0359077349625582
nfcorpus,PLAIN-3442,bm25,0.0,0.0689655172413793,0.0,0.0476190476190476,0.0071692722457996
nfcorpus,PLAIN-3452,bm25,0.574874587725796,0.4117647058823529,0.4,1.0,0.2519012655045798
nfcorpus,PLAIN-3462,bm25,0.6975961695061491,0.4375,0.7,1.0,0.2811773322967178
nfcorpus,PLAIN-3472,bm25,0.0,0.0588235294117647,0.0,0.0120481927710843,0.0057967274039732
nfcorpus,PLAIN-358,bm25,0.0,0.0,0.0,0.0,0.0
nfcorpus,PLAIN-371,bm25,0.118613299431026,1.0,0.1,0.25,0.2083333333333333
nfcorpus,PLAIN-383,bm25,0.1208113026994942,0.2,0.1,0.1666666666666666,0.0358811040339702
nfcorpus,PLAIN-395,bm25,0.0,0.0,0.0,0.0,0.0
nfcorpus,PLAIN-407,bm25,0.7262287617954056,0.6666666666666666,0.1,1.0,0.3579980842911878
nfcorpus,PLAIN-418,bm25,0.8344475896326595,0.6666666666666666,0.2,1.0,0.5598290598290597
nfcorpus,PLAIN-430,bm25,0.6278760013165627,0.625,0.3,1.0,0.3718948301593957
nfcorpus,PLAIN-44,bm25,0.0,0.2068965517241379,0.0,0.0833333333333333,0.0324715781167044
nfcorpus,PLAIN-441,bm25,0.976513716896422,1.0,0.5,1.0,0.8583333333333332
nfcorpus,PLAIN-457,bm25,0.0,0.0,0.0,0.0,0.0
nfcorpus,PLAIN-468,bm25,0.2855938966541961,0.7,0.2,0.2,0.1531200080335586
nfcorpus,PLAIN-478,bm25,0.0,0.0,0.0,0.0,0.0
nfcorpus,PLAIN-488,bm25,0.933745776545611,0.7333333333333333,0.9,1.0,0.7197842328611558
nfcorpus,PLAIN-499,bm25,0.4690000933206748,0.1470588235294117,0.3,1.0,0.097685009487666
nfcorpus,PLAIN-510,bm25,0.0,0.0,0.0,0.0,0.0
nfcorpus,PLAIN-520,bm25,0.0,0.0,0.0,0.0,0.0
nfcorpus,PLAIN-531,bm25,0.3183191637810562,0.0714285714285714,0.4,0.3333333333333333,0.0276621876947922
nfcorpus,PLAIN-541,bm25,0.3476291110051452,0.5,0.3,0.3333333333333333,0.1715553032388292
nfcorpus,PLAIN-551,bm25,0.0,0.0,0.0,0.0,0.0
nfcorpus,PLAIN-56,bm25,0.7260078438084323,0.12,0.5,1.0,0.1094593911325168
nfcorpus,PLAIN-561,bm25,0.3589542101716347,0.08,0.2,1.0,0.08
nfcorpus,PLAIN-571,bm25,0.2558209594125084,0.2857142857142857,0.2,0.3333333333333333,0.119047619047619
nfcorpus,PLAIN-583,bm25,0.0,0.0,0.0,0.0,0.0
nfcorpus,PLAIN-593,bm25,0.4692787260227564,0.3333333333333333,0.1,1.0,0.3333333333333333
nfcorpus,PLAIN-603,bm25,0.0,0.0,0.0,0.0,0.0
nfcorpus,PLAIN-613,bm25,0.0636207881989517,0.2,0.1,0.1,0.0125316455696202
nfcorpus,PLAIN-623,bm25,0.2489083270225946,0.073170731707317,0.2,0.5,0.0472047247543076
nfcorpus,PLAIN-634,bm25,0.1388624438735545,0.0476190476190476,0.1,0.5,0.0238095238095238
nfcorpus,PLAIN-645,bm25,0.0,0.0,0.0,0.0,0.0
nfcorpus,PLAIN-660,bm25,1.0,0.0631578947368421,1.0,1.0,0.0547192705301335
nfcorpus,PLAIN-671,bm25,1.0,1.0,0.1,1.0,1.0
nfcorpus,PLAIN-68,bm25,0.4584660801557625,0.1636363636363636,0.1,1.0,0.0613113915748992
nfcorpus,PLAIN-681,bm25,1.0,1.0,0.1,1.0,1.0
nfcorpus,PLAIN-691,bm25,0.0,0.0476190476190476,0.0,0.0166666666666666,0.0007936507936507
nfcorpus,PLAIN-701,bm25,0.3618791953854131,0.5,0.2,1.0,0.2037966878083157
nfcorpus,PLAIN-711,bm25,0.2200917662980801,0.0526315789473684,0.1,1.0,0.0262572449094751
nfcorpus,PLAIN-721,bm25,1.0,0.72,1.0,1.0,0.72
nfcorpus,PLAIN-731,bm25,0.7909506325094736,0.4444444444444444,0.7,1.0,0.2805679139925798
nfcorpus,PLAIN-741,bm25,0.8486026589039899,0.4210526315789473,0.8,1.0,0.38765664160401
nfcorpus,PLAIN-751,bm25,0.0,0.0,0.0,0.0,0.0
nfcorpus,PLAIN-761,bm25,0.1513012067494067,0.1666666666666666,0.1,0.3333333333333333,0.0625786537085102
nfcorpus,PLAIN-771,bm25,1.0,1.0,0.3,1.0,1.0
nfcorpus,PLAIN-78,bm25,0.0896628430076681,0.0483870967741935,0.1,1.0,0.0307676685360317
nfcorpus,PLAIN-782,bm25,0.0,0.0,0.0,0.0,0.0
nfcorpus,PLAIN-792,bm25,0.644824486427155,0.5,0.3,1.0,0.5
nfcorpus,PLAIN-806,bm25,0.8579809428223729,0.25,0.8,1.0,0.1941139013121103
nfcorpus,PLAIN-817,bm25,0.0,0.0,0.0,0.0,0.0
nfcorpus,PLAIN-827,bm25,0.4380892758850171,0.0737704918032786,0.5,0.5,0.0431157752163546
nfcorpus,PLAIN-838,bm25,0.8550956239938449,0.7777777777777778,0.7,1.0,0.7777777777777778
nfcorpus,PLAIN-850,bm25,0.6489315753318465,0.087719298245614,0.5,1.0,0.087719298245614
nfcorpus,PLAIN-872,bm25,0.0,0.0,0.0,0.0,0.0
nfcorpus,PLAIN-882,bm25,0.3589542101716347,0.1333333333333333,0.2,1.0,0.1333333333333333
nfcorpus,PLAIN-892,bm25,0.7273298443105218,0.0652173913043478,0.6,1.0,0.0652173913043478
nfcorpus,PLAIN-902,bm25,0.6366824387328317,0.5,0.2,1.0,0.5
nfcorpus,PLAIN-91,bm25,0.1204772018082452,0.15625,0.2,1.0,0.0553210814266468
nfcorpus,PLAIN-913,bm25,0.933745776545611,0.2647058823529412,0.9,1.0,0.2617647058823529
nfcorpus,PLAIN-924,bm25,0.2200917662980801,0.03125,0.1,1.0,0.03125
nfcorpus,PLAIN-934,bm25,0.7975167679274937,0.3564356435643564,0.8,1.0,0.2442538057936418
nfcorpus,PLAIN-946,bm25,0.3148801306676309,0.064516129032258,0.2,1.0,0.0483870967741935
nfcorpus,PLAIN-956,bm25,0.3128047789019751,0.1553398058252427,0.4,0.25,0.0946343186739989
nfcorpus,PLAIN-966,bm25,0.1412669728598289,0.3333333333333333,0.1,0.1111111111111111,0.037037037037037
nfcorpus,PLAIN-977,bm25,0.1412669728598289,0.3333333333333333,0.1,0.1111111111111111,0.037037037037037
nfcorpus,PLAIN-987,bm25,0.2346393630113782,0.3333333333333333,0.1,0.3333333333333333,0.1111111111111111
nfcorpus,PLAIN-997,bm25,0.0,0.0,0.0,0.0,0.0
nfcorpus,PLAIN-1008,dense,0.0,0.0,0.0,0.0,0.0
nfcorpus,PLAIN-1018,dense,0.0783982689786753,0.1166666666666666,0.1,0.1666666666666666,0.0281529642742878
nfcorpus,PLAIN-102,dense,0.0,0.0833333333333333,0.0,0.0666666666666666,0.004059829059829
nfcorpus,PLAIN-1028,dense,0.0,1.0,0.0,0.0434782608695652,0.0434782608695652
nfcorpus,PLAIN-1039,dense,0.6131471927654584,1.0,0.1,1.0,0.5294117647058824
nfcorpus,PLAIN-1050,dense,0.0,0.0212765957446808,0.0,0.0120481927710843,0.0003645788829075
nfcorpus,PLAIN-1066,dense,0.0,0.0,0.0,0.0,0.0
nfcorpus,PLAIN-1088,dense,0.5531464700081437,0.4,0.2,1.0,0.4
nfcorpus,PLAIN-1098,dense,0.0,0.0,0.0,0.0,0.0
nfcorpus,PLAIN-1109,dense,0.6531466953037821,0.1428571428571428,0.6,1.0,0.0673830866939219
nfcorpus,PLAIN-1119,dense,0.0,0.0,0.0,0.0,0.0
nfcorpus,PLAIN-112,dense,0.5875459800425583,0.125,0.4,1.0,0.0732126165322004
nfcorpus,PLAIN-1130,dense,1.0,1.0,0.1,1.0,1.0
nfcorpus,PLAIN-1141,dense,0.2200917662980801,0.1875,0.1,1.0,0.0661453184578449
nfcorpus,PLAIN-1151,dense,0.2546983755821044,0.1372549019607843,0.3,0.3333333333333333,0.042872700408899
nfcorpus,PLAIN-1161,dense,0.0,0.0,0.0,0.0,0.0
nfcorpus,PLAIN-1172,dense,0.2200917662980801,0.0526315789473684,0.1,1.0,0.0526315789473684
nfcorpus,PLAIN-1183,dense,0.3148801306676309,0.2,0.2,1.0,0.068246293800539
nfcorpus,PLAIN-1193,dense,0.066254223454389,0.3888888888888889,0.1,0.1111111111111111,0.0484417660554498
nfcorpus,PLAIN-12,dense,0.0533801450655201,0.1,0.1,0.5,0.0248538011695906
nfcorpus,PLAIN-1203,dense,0.5199967979955745,0.5,0.4,1.0,0.2927125630614002
nfcorpus,PLAIN-1214,dense,0.0,0.0,0.0,0.0,0.0
nfcorpus,PLAIN-1225,dense,0.7385567757549498,0.3333333333333333,0.7,1.0,0.2188887592073866
nfcorpus,PLAIN-123,dense,0.2323374951877248,0.1176470588235294,0.3,1.0,0.0565826330532212
nfcorpus,PLAIN-1236,dense,0.3391602052736161,0.2,0.1,1.0,0.2
nfcorpus,PLAIN-1249,dense,0.0,0.0,0.0,0.0,0.0
nfcorpus,PLAIN-1262,dense,0.3843113526044082,0.3,0.3,1.0,0.1875
nfcorpus,PLAIN-1275,dense,0.5173633627401372,0.1818181818181818,0.4,1.0,0.0792213839672874
nfcorpus,PLAIN-1288,dense,0.4319964223378388,0.1275510204081632,0.5,0.3333333333333333,0.0492194713847451
nfcorpus,PLAIN-1299,dense,0.0,0.0163934426229508,0.0,0.03125,0.0005122950819672
nfcorpus,PLAIN-1309,dense,0.0,0.0,0.0,0.0,0.0
nfcorpus,PLAIN-1320,dense,0.0,0.0,0.0,0.0,0.0
nfcorpus,PLAIN-133,dense,0.090646680047143,0.1388888888888889,0.1,0.125,0.0089534457478005
nfcorpus,PLAIN-1331,dense,0.0,0.0,0.0,0.0,0.0
nfcorpus,PLAIN-1342,dense,0.3340514446642156,0.3125,0.3,0.5,0.1571824009324009
nfcorpus,PLAIN-1353,dense,0.0,0.0,0.0,0.0,0.0
nfcorpus,PLAIN-1363,dense,0.1736666713479918,0.2727272727272727,0.2,0.3333333333333333,0.0621212121212121
nfcorpus,PLAIN-1374,dense,0.0636207881989517,0.2307692307692307,0.1,0.1,0.0287390426301258
nfcorpus,PLAIN-1387,dense,0.3621108234757071,0.4166666666666667,0.3,1.0,0.1624007936507936
nfcorpus,PLAIN-1398,dense,1.0,0.2815533980582524,1.0,1.0,0.2362738097664352
nfcorpus,PLAIN-1409,dense,0.3836331529183764,0.0711462450592885,0.3,1.0,0.0220374388766009
nfcorpus,PLAIN-1419,dense,0.3836331529183764,0.1846153846153846,0.3,1.0,0.0623518065952194
nfcorpus,PLAIN-1429,dense,0.0,0.0,0.0,0.0,0.0
nfcorpus,PLAIN-143,dense,0.7279371164692338,0.2941176470588235,0.4,1.0,0.1184845860665505
nfcorpus,PLAIN-1441,dense,0.4920062203073637,0.1397849462365591,0.4,1.0,0.0631692544550921
nfcorpus,PLAIN-1453,dense,0.4760705018418427,0.1061224489795918,0.5,0.5,0.035155873433188
nfcorpus,PLAIN-1463,dense,0.5727555047321237,0.2916666666666667,0.5,1.0,0.1830226608187134
nfcorpus,PLAIN-1473,dense,1.0,1.0,0.1,1.0,1.0
nfcorpus,PLAIN-1485,dense,0.07336392209936,0.0555555555555555,0.1,0.1428571428571428,0.0063046600847288
nfcorpus,PLAIN-1496,dense,0.0,0.0,0.0,0.0,0.0
nfcorpus,PLAIN-1506,dense,0.2200917662980801,0.1333333333333333,0.1,1.0,0.0688888888888889
nfcorpus,PLAIN-1516,dense,0.0,0.0,0.0,0.0,0.0
nfcorpus,PLAIN-1527,dense,0.7312625444731046,0.1732673267326732,0.7,1.0,0.1220595823147408
nfcorpus,PLAIN-153,dense,0.896704897345686,0.3829787234042553,0.8,1.0,0.2688775145869657
nfcorpus,PLAIN-1537,dense,0.5527460588826717,0.1555555555555555,0.6,0.5,0.0969576719576719
nfcorpus,PLAIN-1547,dense,0.091092403223458,0.3333333333333333,0.1,0.1111111111111111,0.0313390313390313
nfcorpus,PLAIN-1557,dense,0.2489083270225946,0.1153846153846153,0.2,0.5,0.0467032967032967
nfcorpus,PLAIN-1568,dense,1.0,1.0,0.2,1.0,1.0
nfcorpus,PLAIN-1579,dense,0.098039285831357,0.2,0.1,0.1,0.02
nfcorpus,PLAIN-1590,dense,0.066254223454389,0.1666666666666666,0.1,0.1111111111111111,0.0101632149588124
nfcorpus,PLAIN-1601,dense,0.6083169141195838,0.1621621621621621,0.5,1.0,0.0843432454828526
nfcorpus,PLAIN-1611,dense,0.0,0.0,0.0,0.0,0.0
nfcorpus,PLAIN-1621,dense,0.0,0.0,0.0,0.0,0.0
nfcorpus,PLAIN-1635,dense,0.9266360779006398,0.1461716937354988,0.9,1.0,0.1207100165290774
nfcorpus,PLAIN-1645,dense,0.0,0.1666666666666666,0.0,0.0666666666666666,0.0111111111111111
nfcorpus,PLAIN-165,dense,0.3610143409789421,0.3055555555555556,0.4,1.0,0.1176523011821481
nfcorpus,PLAIN-1656,dense,0.0,0.0357142857142857,0.0,0.0294117647058823,0.0010504201680672
nfcorpus,PLAIN-1667,dense,0.6754160255557637,0.1761006289308176,0.6,1.0,0.1008178528189844
nfcorpus,PLAIN-1679,dense,0.0,0.0,0.0,0.0,0.0
nfcorpus,PLAIN-1690,dense,0.0,0.0,0.0,0.0,0.0
nfcorpus,PLAIN-1700,dense,0.0,0.2,0.0,0.0277777777777777,0.0055555555555555
nfcorpus,PLAIN-1710,dense,0.8669479898642709,0.875,0.8,1.0,0.7636311656072687
nfcorpus,PLAIN-1721,dense,0.3932783996463063,0.1612903225806451,0.3,1.0,0.0779919005725457
nfcorpus,PLAIN-1731,dense,0.7653606369886217,1.0,0.2,1.0,0.6923076923076924
nfcorpus,PLAIN-1741,dense,1.0,0.1166666666666666,1.0,1.0,0.1080912796650805
nfcorpus,PLAIN-175,dense,0.2497485897616459,0.1351351351351351,0.3,1.0,0.058242452979295
nfcorpus,PLAIN-1752,dense,0.0,0.0,0.0,0.0,0.0
nfcorpus,PLAIN-1762,dense,0.1990365012701236,0.625,0.2,0.25,0.121751583457526
nfcorpus,PLAIN-1772,dense,0.9197207891481876,1.0,0.2,1.0,0.8333333333333333
nfcorpus,PLAIN-1784,dense,0.0,0.0,0.0,0.0,0.0
nfcorpus,PLAIN-1794,dense,0.4574945261898616,1.0,0.2,0.25,0.25
nfcorpus,PLAIN-1805,dense,1.0,0.3103448275862069,1.0,1.0,0.2530335929120639
nfcorpus,PLAIN-1817,dense,0.6168295842361274,0.4444444444444444,0.5,1.0,0.2221825593617152
nfcorpus,PLAIN-1827,dense,0.0,0.0,0.0,0.0,0.0
nfcorpus,PLAIN-1837,dense,1.0,0.2704081632653061,1.0,1.0,0.2392492127749379
nfcorpus,PLAIN-1847,dense,0.0947883643695507,0.1818181818181818,0.1,0.25,0.0255681818181818
nfcorpus,PLAIN-1857,dense,0.5352543167750637,0.1212121212121212,0.4,1.0,0.1043771043771043
nfcorpus,PLAIN-186,dense,0.0947883643695507,0.0416666666666666,0.1,0.25,0.0104166666666666
nfcorpus,PLAIN-1867,dense,0.0,0.1428571428571428,0.0,0.0357142857142857,0.0051020408163265
nfcorpus,PLAIN-1877,dense,0.0,0.0555555555555555,0.0,0.0285714285714285,0.0014322203977376
nfcorpus,PLAIN-1887,dense,0.0,0.0,0.0,0.0,0.0
nfcorpus,PLAIN-1897,dense,0.2640681225725909,0.5,0.1,0.25,0.125
nfcorpus,PLAIN-1909,dense,0.8200685179888282,0.0971922246220302,0.8,1.0,0.0623956052635922
nfcorpus,PLAIN-1919,dense,0.6489315753318465,0.4074074074074074,0.5,1.0,0.2443519383061867
nfcorpus,PLAIN-1929,dense,0.3148801306676309,0.2,0.2,1.0,0.15
nfcorpus,PLAIN-1940,dense,0.3589542101716347,0.1666666666666666,0.2,1.0,0.1666666666666666
nfcorpus,PLAIN-1950,dense,0.2489083270225946,0.2307692307692307,0.2,0.5,0.1012820512820512
nfcorpus,PLAIN-196,dense,0.2200917662980801,0.0434782608695652,0.1,1.0,0.0166321601104209
nfcorpus,PLAIN-1962,dense,0.0,0.0,0.0,0.0,0.0
nfcorpus,PLAIN-1972,dense,0.0,0.0909090909090909,0.0,0.0120481927710843,0.0010952902519167
nfcorpus,PLAIN-1983,dense,0.8006937664098819,0.34375,0.7,1.0,0.2419125758411472
nfcorpus,PLAIN-1995,dense,0.0636207881989517,0.1818181818181818,0.1,0.1,0.014004914004914
nfcorpus,PLAIN-2,dense,0.5587919773408155,0.5,0.6,1.0,0.2816131632277082
nfcorpus,PLAIN-2009,dense,0.0,0.125,0.0,0.0769230769230769,0.0096153846153846
nfcorpus,PLAIN-2019,dense,0.0,0.0,0.0,0.0,0.0
nfcorpus,PLAIN-2030,dense,0.0,0.0,0.0,0.0,0.0
nfcorpus,PLAIN-2040,dense,0.3030820301798825,0.1742424242424242,0.3,0.5,0.0505929062057202
nfcorpus,PLAIN-2051,dense,0.4922818839877925,0.0957746478873239,0.6,0.3333333333333333,0.0402762595404224
nfcorpus,PLAIN-2061,dense,0.914856882358379,0.1292682926829268,0.9,1.0,0.105271738941026
nfcorpus,PLAIN-207,dense,0.6275071330616558,0.2181818181818181,0.5,1.0,0.1264654288592907
nfcorpus,PLAIN-2071,dense,0.4480300279758384,0.3111111111111111,0.4,1.0,0.1077945387431765
nfcorpus,PLAIN-2081,dense,1.0,1.0,0.1,1.0,1.0
nfcorpus,PLAIN-2092,dense,0.6489315753318465,0.5,0.5,1.0,0.5
nfcorpus,PLAIN-2102,dense,0.6947651160602988,0.1116389548693586,0.8,0.5,0.0733169493600361
nfcorpus,PLAIN-2113,dense,0.0,0.0,0.0,0.0,0.0
nfcorpus,PLAIN-2124,dense,0.5867945846769145,0.6470588235294118,0.5,1.0,0.3353825799094341
nfcorpus,PLAIN-2134,dense,0.0,0.0833333333333333,0.0,0.0104166666666666,0.0008680555555555
nfcorpus,PLAIN-2145,dense,0.0,0.0,0.0,0.0,0.0
nfcorpus,PLAIN-2156,dense,0.7016782760391698,1.0,0.4,1.0,0.5641203703703703
nfcorpus,PLAIN-2167,dense,0.0,0.0,0.0,0.0,0.0
nfcorpus,PLAIN-217,dense,0.0,0.1111111111111111,0.0,0.0188679245283018,0.0034053892185728
nfcorpus,PLAIN-2177,dense,0.6051399156371955,0.2083333333333333,0.5,1.0,0.1710648148148148
nfcorpus,PLAIN-2187,dense,0.0,0.1111111111111111,0.0,0.0188679245283018,0.0020964360587002
nfcorpus,PLAIN-2197,dense,0.7935840677649109,0.3103448275862069,0.7,1.0,0.202365270593492
nfcorpus,PLAIN-2209,dense,0.0,0.0,0.0,0.0,0.0
nfcorpus,PLAIN-2220,dense,0.0707557607210806,0.2222222222222222,0.1,0.1111111111111111,0.0271604938271604
nfcorpus,PLAIN-2230,dense,0.0,0.0,0.0,0.0,0.0
nfcorpus,PLAIN-2240,dense,0.2200917662980801,0.1818181818181818,0.1,1.0,0.0984848484848484
nfcorpus,PLAIN-2250,dense,0.0,1.0,0.0,0.0833333333333333,0.0638888888888888
nfcorpus,PLAIN-2261,dense,0.4440973278132557,0.15,0.3,1.0,0.0591320795177549
nfcorpus,PLAIN-227,dense,0.0,0.025,0.0,0.0204081632653061,0.0005102040816326
nfcorpus,PLAIN-2271,dense,0.0,0.0,0.0,0.0,0.0
nfcorpus,PLAIN-2281,dense,0.0,0.0,0.0,0.0,0.0
nfcorpus,PLAIN-2291,dense,0.0,0.0,0.0,0.0,0.0
nfcorpus,PLAIN-23,dense,0.4170606134915054,0.0555555555555555,0.4,1.0,0.0452380952380952
nfcorpus,PLAIN-2301,dense,0.0851431176416209,0.4615384615384615,0.1,0.2,0.0449386724386724
nfcorpus,PLAIN-2311,dense,0.0,0.0,0.0,0.0,0.0
nfcorpus,PLAIN-2321,dense,0.0,0.0,0.0,0.0,0.0
nfcorpus,PLAIN-2332,dense,0.7859162856301583,0.3298969072164948,0.7,1.0,0.1741799146397228
nfcorpus,PLAIN-2343,dense,0.0,0.0,0.0,0.0,0.0
nfcorpus,PLAIN-2354,dense,0.4703652827859579,0.6,0.2,1.0,0.2861855670103092
nfcorpus,PLAIN-2364,dense,0.0,0.0,0.0,0.0,0.0
nfcorpus,PLAIN-2375,dense,0.0,0.5,0.0,0.0172413793103448,0.0086206896551724
nfcorpus,PLAIN-238,dense,0.0783982689786753,0.0555555555555555,0.1,0.1666666666666666,0.0040277777777777
nfcorpus,PLAIN-2386,dense,0.11004588314904,0.2631578947368421,0.1,0.3333333333333333,0.0471861164381939
nfcorpus,PLAIN-2396,dense,0.0,0.0,0.0,0.0,0.0
nfcorpus,PLAIN-2408,dense,0.098039285831357,0.4,0.1,0.1,0.0250632911392405
nfcorpus,PLAIN-2430,dense,0.4537425745411855,0.217391304347826,0.3,1.0,0.09405191104625
nfcorpus,PLAIN-2440,dense,0.0,0.0,0.0,0.0,0.0
nfcorpus,PLAIN-2450,dense,0.2122263659729145,0.1842105263157894,0.2,0.5,0.0405629762770134
nfcorpus,PLAIN-2460,dense,0.3701459804837348,0.3870967741935484,0.3,0.5,0.0914017307633026
nfcorpus,PLAIN-2470,dense,0.4824002940239446,0.2602739726027397,0.5,1.0,0.104896249669416
nfcorpus,PLAIN-248,dense,0.2684550357175426,0.3225806451612903,0.3,0.3333333333333333,0.0723103563555251
nfcorpus,PLAIN-2480,dense,0.322408622508625,0.5,0.4,1.0,0.2371366229856796
nfcorpus,PLAIN-2490,dense,0.0319270197087978,0.1739130434782608,0.1,0.1428571428571428,0.0195260031191122
nfcorpus,PLAIN-2500,dense,0.1682003062770401,0.5714285714285714,0.1,0.2,0.0705322380524536
nfcorpus,PLAIN-2510,dense,0.5606114592078374,0.5434782608695652,0.6,1.0,0.2951437487546289
nfcorpus,PLAIN-2520,dense,0.0475983813453791,0.0821917808219178,0.2,0.1428571428571428,0.0098890159775969
nfcorpus,PLAIN-2530,dense,0.9035650050446238,0.2777777777777778,1.0,1.0,0.217690524184285
nfcorpus,PLAIN-2540,dense,0.480892736415854,0.5714285714285714,0.4,1.0,0.2348716315455705
nfcorpus,PLAIN-2550,dense,0.0346863225221464,0.24,0.1,0.2,0.0301226661649583
nfcorpus,PLAIN-2560,dense,0.9305687780632228,0.6666666666666666,0.9,1.0,0.5084783408312821
nfcorpus,PLAIN-2570,dense,0.3748738029335252,0.25,0.4,0.3333333333333333,0.0520227060999253
nfcorpus,PLAIN-2580,dense,0.3406992958233561,0.0869565217391304,0.1,1.0,0.0466988727858293
nfcorpus,PLAIN-259,dense,0.2200917662980801,0.1428571428571428,0.1,1.0,0.0809523809523809
nfcorpus,PLAIN-2590,dense,0.0937289510191078,0.0952380952380952,0.2,0.1666666666666666,0.0124432212667506
nfcorpus,PLAIN-2600,dense,0.701334643564142,0.5,0.4,1.0,0.3866666666666666
nfcorpus,PLAIN-2610,dense,0.3340514446642156,0.1639344262295081,0.3,0.5,0.0473799269830837
nfcorpus,PLAIN-2620,dense,0.106779308192549,0.2181818181818181,0.2,0.2,0.051351026086669
nfcorpus,PLAIN-2630,dense,0.5655077560656273,0.1666666666666666,0.5,1.0,0.1029916774402068
nfcorpus,PLAIN-2640,dense,0.5307059030711745,0.5,0.8,1.0,0.2770713604869363
nfcorpus,PLAIN-2650,dense,0.3647442587311446,0.3448275862068966,0.3,1.0,0.0968705560854704
nfcorpus,PLAIN-2660,dense,0.1388624438735545,0.2962962962962963,0.1,0.5,0.0495358077687299
nfcorpus,PLAIN-2670,dense,0.3406992958233561,0.0571428571428571,0.1,1.0,0.0294930875576036
nfcorpus,PLAIN-2680,dense,0.0,0.2857142857142857,0.0,0.0666666666666666,0.0153196959534987
nfcorpus,PLAIN-2690,dense,0.351522365230886,0.2093023255813953,0.3,1.0,0.0741269329554553
nfcorpus,PLAIN-270,dense,0.1388624438735545,0.173076923076923,0.1,0.5,0.0293637304591429
nfcorpus,PLAIN-2700,dense,0.1025607075444263,0.7,0.1,0.1111111111111111,0.0916335131572822
nfcorpus,PLAIN-2710,dense,0.6876766846858763,0.238095238095238,0.5,1.0,0.2301587301587301
nfcorpus,PLAIN-2720,dense,0.388244052766991,0.1944444444444444,0.3,1.0,0.075404001613679
nfcorpus,PLAIN-2730,dense,0.689764824198512,0.2758620689655172,0.5,1.0,0.1924593675644979
nfcorpus,PLAIN-2740,dense,0.6466448366961477,0.16,0.5,1.0,0.0955311355311355
nfcorpus,PLAIN-2750,dense,0.4069574094086751,0.3559322033898305,0.6,0.5,0.1691703203814078
nfcorpus,PLAIN-2760,dense,0.0,0.25,0.0,0.0333333333333333,0.0096014492753623
nfcorpus,PLAIN-2770,dense,0.2727439863105669,0.4878048780487805,0.5,0.3333333333333333,0.1654016149975798
nfcorpus,PLAIN-2780,dense,0.5004946330400792,0.5,0.6,1.0,0.2504300757219306
nfcorpus,PLAIN-2790,dense,0.4323181322709947,0.1016949152542373,0.3,1.0,0.048697015441445
nfcorpus,PLAIN-280,dense,0.4936790360674166,0.45,0.4,1.0,0.1946513520014245
nfcorpus,PLAIN-2800,dense,0.0328280609246017,0.125,0.1,0.1,0.0115384615384615
nfcorpus,PLAIN-2810,dense,0.0,0.375,0.0,0.03125,0.0109606422369765
nfcorpus,PLAIN-2820,dense,0.0,0.125,0.0,0.0108695652173913,0.0013586956521739
nfcorpus,PLAIN-2830,dense,0.2186166410143294,1.0,0.1,0.1111111111111111,0.0719489981785063
nfcorpus,PLAIN-2840,dense,0.0,0.0588235294117647,0.0,0.0135135135135135,0.0007949125596184
nfcorpus,PLAIN-2850,dense,0.056952194368013,0.3333333333333333,0.1,0.1666666666666666,0.0362727807172251
nfcorpus,PLAIN-2860,dense,1.0,1.0,0.2,1.0,1.0
nfcorpus,PLAIN-2870,dense,0.0870324575240549,0.2,0.1,0.25,0.05
nfcorpus,PLAIN-2880,dense,0.0,0.1176470588235294,0.0,0.0277777777777777,0.0029127593066211
nfcorpus,PLAIN-2890,dense,0.2892598909735473,0.0689655172413793,0.1,0.5,0.0181255526083112
nfcorpus,PLAIN-2900,dense,0.0,0.1666666666666666,0.0,0.0357142857142857,0.005323608316566
nfcorpus,PLAIN-291,dense,0.5173633627401372,0.4615384615384615,0.4,1.0,0.2597358295340641
nfcorpus,PLAIN-2910,dense,0.3843483686763148,0.1333333333333333,0.1,1.0,0.068100358422939
nfcorpus,PLAIN-2920,dense,0.0,0.0,0.0,0.0,0.0
nfcorpus,PLAIN-2930,dense,0.5548860438136117,0.2142857142857142,0.2,1.0,0.1521739130434782
nfcorpus,PLAIN-2940,dense,0.0,0.1363636363636363,0.0,0.0238095238095238,0.0039619250145565
nfcorpus,PLAIN-2950,dense,0.0,0.5,0.0,0.0116279069767441,0.005813953488372
nfcorpus,PLAIN-2960,dense,0.0,0.5,0.0,0.0111111111111111,0.0055555555555555
nfcorpus,PLAIN-2970,dense,0.4796550695430686,0.2222222222222222,0.1,1.0,0.1168091168091168
nfcorpus,PLAIN-2981,dense,0.5321036168710065,0.1428571428571428,0.1,1.0,0.1428571428571428
nfcorpus,PLAIN-2991,dense,0.2184074368181641,0.5,0.1,0.1666666666666666,0.0833333333333333
nfcorpus,PLAIN-3001,dense,0.3065735963827292,0.5,0.1,0.3333333333333333,0.1666666666666666
nfcorpus,PLAIN-3014,dense,0.0,0.0,0.0,0.0,0.0
nfcorpus,PLAIN-3026,dense,0.0,1.0,0.0,0.0714285714285714,0.0714285714285714
nfcorpus,PLAIN-3037,dense,0.0,0.0,0.0,0.0,0.0
nfcorpus,PLAIN-3053,dense,0.7039180890341348,0.6666666666666666,0.2,1.0,0.5555555555555555
nfcorpus,PLAIN-3063,dense,0.0,0.25,0.0,0.0256410256410256,0.0064102564102564
nfcorpus,PLAIN-307,dense,1.0,1.0,0.3,1.0,1.0
nfcorpus,PLAIN-3074,dense,1.0,1.0,0.1,1.0,1.0
nfcorpus,PLAIN-3085,dense,0.5,1.0,0.2,0.3333333333333333,0.2916666666666666
nfcorpus,PLAIN-3097,dense,0.515157140670655,0.5,0.1,1.0,0.2884615384615384
nfcorpus,PLAIN-3116,dense,0.0,0.0,0.0,0.0,0.0
nfcorpus,PLAIN-3131,dense,0.250153017046447,0.1666666666666666,0.1,0.5,0.0833333333333333
nfcorpus,PLAIN-3141,dense,0.1074786613778995,0.1176470588235294,0.1,0.125,0.0137967643262357
nfcorpus,PLAIN-3151,dense,0.6445020235959005,0.6666666666666666,0.7,0.5,0.3848020326429668
nfcorpus,PLAIN-3161,dense,0.6551302622455927,0.3488372093023256,0.4,1.0,0.139089331586022
nfcorpus,PLAIN-3171,dense,0.0,0.0294117647058823,0.0,0.0476190476190476,0.0014005602240896
nfcorpus,PLAIN-3181,dense,0.0,0.1111111111111111,0.0,0.0625,0.0075617283950617
nfcorpus,PLAIN-3191,dense,0.5469130508409907,0.4375,0.4,1.0,0.2274767801857584
nfcorpus,PLAIN-320,dense,0.0,0.3095238095238095,0.0,0.0476190476190476,0.0343355248390892
nfcorpus,PLAIN-3201,dense,0.1633089127967252,0.09375,0.1,0.1666666666666666,0.010335827790096
nfcorpus,PLAIN-3211,dense,0.0,0.0,0.0,0.0,0.0
nfcorpus,PLAIN-3221,dense,0.0,0.0833333333333333,0.0,0.0833333333333333,0.0052083333333333
nfcorpus,PLAIN-3231,dense,0.0955661198609378,0.75,0.2,0.1666666666666666,0.14503663003663
nfcorpus,PLAIN-3241,dense,0.4584660801557625,0.0689655172413793,0.1,1.0,0.0351864883884588
nfcorpus,PLAIN-3251,dense,0.0658168644649613,0.1904761904761904,0.1,0.25,0.0190579262007833
nfcorpus,PLAIN-3261,dense,0.0,0.0769230769230769,0.0,0.0147058823529411,0.001131221719457
nfcorpus,PLAIN-3271,dense,0.0,0.1224489795918367,0.0,0.0769230769230769,0.0063063781890104
nfcorpus,PLAIN-3281,dense,0.1157003877560893,0.2692307692307692,0.1,0.1111111111111111,0.0287278104409546
nfcorpus,PLAIN-3292,dense,0.6748255674677182,0.8571428571428571,0.6,1.0,0.7486394557823128
nfcorpus,PLAIN-33,dense,0.3777558543715619,0.25,0.3,1.0,0.1212743506493506
nfcorpus,PLAIN-3302,dense,0.0,0.3243243243243243,0.0,0.0454545454545454,0.035626047749886
nfcorpus,PLAIN-3312,dense,0.2293079389771815,0.6923076923076923,0.3,0.5,0.2359373628071056
nfcorpus,PLAIN-332,dense,0.3868528072345416,0.5,0.1,0.5,0.25
nfcorpus,PLAIN-3322,dense,0.1834098052484001,0.1772151898734177,0.2,0.3333333333333333,0.0272041717330673
nfcorpus,PLAIN-3332,dense,0.691113653624735,0.7857142857142857,0.7,1.0,0.589861815014254
nfcorpus,PLAIN-3342,dense,0.2346393630113782,0.6666666666666666,0.1,0.3333333333333333,0.1503267973856209
nfcorpus,PLAIN-3352,dense,0.0,0.1282051282051282,0.0,0.0555555555555555,0.0100274725274725
nfcorpus,PLAIN-3362,dense,0.5124644915684198,0.2727272727272727,0.2,1.0,0.122564935064935
nfcorpus,PLAIN-3372,dense,0.2292330400778812,0.1428571428571428,0.1,0.3333333333333333,0.0254515599343185
nfcorpus,PLAIN-3382,dense,0.5672976184483266,0.5714285714285714,0.6,1.0,0.4143398268398268
nfcorpus,PLAIN-3392,dense,0.0,0.0869565217391304,0.0,0.0123456790123456,0.0014618380329141
nfcorpus,PLAIN-3402,dense,0.0947883643695507,0.0714285714285714,0.1,0.25,0.0178571428571428
nfcorpus,PLAIN-3412,dense,0.1281161228921049,0.1428571428571428,0.1,1.0,0.0290833262824048
nfcorpus,PLAIN-3422,dense,0.0,0.6129032258064516,0.0,0.0769230769230769,0.1473008646940828
nfcorpus,PLAIN-3432,dense,0.3151625504769836,0.1904761904761904,0.3,0.5,0.055191896508427
nfcorpus,PLAIN-344,dense,0.2225440169674653,0.1475409836065573,0.2,0.5,0.0259082396300275
nfcorpus,PLAIN-3442,dense,0.0344823830193895,0.1034482758620689,0.1,0.1428571428571428,0.0074302314773785
nfcorpus,PLAIN-3452,dense,0.2158905841168667,0.4705882352941176,0.3,0.1666666666666666,0.1145566679622407
nfcorpus,PLAIN-3462,dense,0.6036081270984907,0.265625,0.7,0.5,0.1245805881995695
nfcorpus,PLAIN-3472,dense,0.0,0.2941176470588235,0.0,0.0666666666666666,0.0278915714358334
nfcorpus,PLAIN-358,dense,0.0,0.3333333333333333,0.0,0.0119047619047619,0.0039682539682539
nfcorpus,PLAIN-371,dense,0.1065437321815507,0.5,0.1,0.2,0.1
nfcorpus,PLAIN-383,dense,0.1460683498427064,0.2,0.1,0.25,0.05
nfcorpus,PLAIN-395,dense,0.0,0.0,0.0,0.0,0.0
nfcorpus,PLAIN-407,dense,0.7262287617954056,0.3333333333333333,0.1,1.0,0.3333333333333333
nfcorpus,PLAIN-418,dense,0.9072836011519269,1.0,0.2,1.0,0.7380952380952381
nfcorpus,PLAIN-430,dense,0.6278760013165627,0.5,0.3,1.0,0.3501602564102564
nfcorpus,PLAIN-44,dense,0.1994092145260154,0.2068965517241379,0.3,0.5,0.0481623996574476
nfcorpus,PLAIN-441,dense,0.7048062188129761,0.8,0.4,1.0,0.65
nfcorpus,PLAIN-457,dense,0.0,0.0,0.0,0.0,0.0
nfcorpus,PLAIN-468,dense,0.3843483686763148,0.3,0.1,1.0,0.1224071702944942
nfcorpus,PLAIN-478,dense,0.0,0.0,0.0,0.0,0.0
nfcorpus,PLAIN-488,dense,0.7125523635307982,0.7333333333333333,0.6,1.0,0.5248932956143582
nfcorpus,PLAIN-499,dense,0.11004588314904,0.1176470588235294,0.1,0.3333333333333333,0.0220653541186919
nfcorpus,PLAIN-510,dense,0.0,0.1666666666666666,0.0,0.0344827586206896,0.0057471264367816
nfcorpus,PLAIN-520,dense,0.0,0.0,0.0,0.0,0.0
nfcorpus,PLAIN-531,dense,0.4477345226129469,0.1168831168831168,0.5,0.5,0.0478925365240419
nfcorpus,PLAIN-541,dense,0.1077891545245109,0.3333333333333333,0.1,0.1666666666666666,0.0436507936507936
nfcorpus,PLAIN-551,dense,0.0,0.0,0.0,0.0,0.0
nfcorpus,PLAIN-56,dense,0.6653678989152995,0.16,0.5,1.0,0.0924195048450367
nfcorpus,PLAIN-561,dense,0.3589542101716347,0.12,0.2,1.0,0.0815
nfcorpus,PLAIN-571,dense,0.229063610761909,0.4285714285714285,0.2,0.3333333333333333,0.0937925170068027
nfcorpus,PLAIN-583,dense,0.066254223454389,0.0227272727272727,0.1,0.1111111111111111,0.0025252525252525
nfcorpus,PLAIN-593,dense,0.4692787260227564,0.3333333333333333,0.1,1.0,0.3333333333333333
nfcorpus,PLAIN-603,dense,0.0,0.0,0.0,0.0,0.0
nfcorpus,PLAIN-613,dense,0.2200917662980801,0.1,0.1,1.0,0.1
nfcorpus,PLAIN-623,dense,0.2578753740644927,0.2439024390243902,0.3,0.3333333333333333,0.0436157975893878
nfcorpus,PLAIN-634,dense,0.2172607128522298,0.1904761904761904,0.2,0.5,0.0491482771970576
nfcorpus,PLAIN-645,dense,0.0,0.0689655172413793,0.0,0.0294117647058823,0.0019994204578383
nfcorpus,PLAIN-660,dense,1.0,0.0905263157894736,1.0,1.0,0.0671160838948388
nfcorpus,PLAIN-671,dense,1.0,1.0,0.1,1.0,1.0
nfcorpus,PLAIN-68,dense,0.4584660801557625,0.2181818181818181,0.1,1.0,0.044030980270063
nfcorpus,PLAIN-681,dense,1.0,1.0,0.1,1.0,1.0
nfcorpus,PLAIN-691,dense,0.0,0.0952380952380952,0.0,0.0476190476190476,0.0042112082928409
nfcorpus,PLAIN-701,dense,0.0843142342558857,0.5,0.1,0.1428571428571428,0.0517960963455149
nfcorpus,PLAIN-711,dense,0.1635413866202963,0.087719298245614,0.2,0.2,0.0127299812144453
nfcorpus,PLAIN-721,dense,1.0,0.68,1.0,1.0,0.6268095238095238
nfcorpus,PLAIN-731,dense,0.5795003533950692,0.2962962962962963,0.5,1.0,0.1341151860867805
nfcorpus,PLAIN-741,dense,0.4256628105513781,0.3157894736842105,0.5,0.3333333333333333,0.1520467836257309
nfcorpus,PLAIN-751,dense,0.0,0.0,0.0,0.0,0.0
nfcorpus,PLAIN-761,dense,0.1909208661789347,0.1666666666666666,0.1,0.5,0.0833333333333333
nfcorpus,PLAIN-771,dense,0.7653606369886217,0.6666666666666666,0.2,1.0,0.6666666666666666
nfcorpus,PLAIN-78,dense,0.0777551224235388,0.0806451612903225,0.1,0.1,0.005392098940486
nfcorpus,PLAIN-782,dense,0.0,0.0,0.0,0.0,0.0
nfcorpus,PLAIN-792,dense,0.0,0.1666666666666666,0.0,0.0625,0.0104166666666666
nfcorpus,PLAIN-806,dense,0.6203974344166847,0.15625,0.5,1.0,0.0777037633365028
nfcorpus,PLAIN-817,dense,0.0,0.0,0.0,0.0,0.0
nfcorpus,PLAIN-827,dense,0.7682269253321374,0.1598360655737705,0.7,1.0,0.0921096384195473
nfcorpus,PLAIN-838,dense,0.6930221935231563,0.6666666666666666,0.5,1.0,0.5925925925925926
nfcorpus,PLAIN-850,dense,0.4518459360204552,0.1228070175438596,0.5,0.5,0.0577050734945471
nfcorpus,PLAIN-872,dense,0.0,0.0,0.0,0.0,0.0
nfcorpus,PLAIN-882,dense,0.6421867266689009,0.6,0.5,1.0,0.3652377687671804
nfcorpus,PLAIN-892,dense,0.2200917662980801,0.0543478260869565,0.1,1.0,0.0138559556308488
nfcorpus,PLAIN-902,dense,0.3183412193664158,0.5,0.2,0.3333333333333333,0.1458333333333333
nfcorpus,PLAIN-91,dense,0.3262206421824528,0.125,0.3,1.0,0.0592140997023809
nfcorpus,PLAIN-913,dense,0.7967610662472991,0.4411764705882353,0.7,1.0,0.2878572733617535
nfcorpus,PLAIN-924,dense,0.6339753813071974,0.40625,0.6,1.0,0.1940260658272528
nfcorpus,PLAIN-934,dense,0.599976751690748,0.3366336633663366,0.7,0.5,0.2163453357886265
nfcorpus,PLAIN-946,dense,0.0,0.032258064516129,0.0,0.0227272727272727,0.000733137829912
nfcorpus,PLAIN-956,dense,0.6870165078530992,0.1893203883495145,0.6,1.0,0.1063168084806839
nfcorpus,PLAIN-966,dense,0.0,0.0,0.0,0.0,0.0
nfcorpus,PLAIN-977,dense,0.4692787260227564,0.3333333333333333,0.1,1.0,0.3333333333333333
nfcorpus,PLAIN-987,dense,0.0,0.0,0.0,0.0,0.0
nfcorpus,PLAIN-997,dense,0.0,0.0,0.0,0.0,0.0
nfcorpus,PLAIN-1008,hybrid,0.0,0.0,0.0,0.0,0.0
nfcorpus,PLAIN-1018,hybrid,0.5063209639325834,0.1333333333333333,0.6,0.5,0.0609612706981128
nfcorpus,PLAIN-102,hybrid,0.0,0.125,0.0,0.0769230769230769,0.007992534891269
nfcorpus,PLAIN-1028,hybrid,0.0,1.0,0.0,0.04,0.04
nfcorpus,PLAIN-1039,hybrid,1.0,1.0,0.2,1.0,1.0
nfcorpus,PLAIN-1050,hybrid,0.0,0.0319148936170212,0.0,0.0196078431372549,0.0007622340837773
nfcorpus,PLAIN-1066,hybrid,0.0,0.0,0.0,0.0,0.0
nfcorpus,PLAIN-1088,hybrid,0.5531464700081437,0.4,0.2,1.0,0.4
nfcorpus,PLAIN-1098,hybrid,0.0,0.0,0.0,0.0,0.0
nfcorpus,PLAIN-1109,hybrid,0.6581810421830974,0.1530612244897959,0.6,1.0,0.0805687174076703
nfcorpus,PLAIN-1119,hybrid,0.0,0.0,0.0,0.0,0.0
nfcorpus,PLAIN-112,hybrid,0.5265557977697708,0.1071428571428571,0.4,1.0,0.051256257219869
nfcorpus,PLAIN-1130,hybrid,1.0,1.0,0.1,1.0,1.0
nfcorpus,PLAIN-1141,hybrid,0.2200917662980801,0.1875,0.1,1.0,0.0671924468566259
nfcorpus,PLAIN-1151,hybrid,0.2735872697693364,0.1372549019607843,0.3,0.3333333333333333,0.0428714348585713
nfcorpus,PLAIN-1161,hybrid,0.0,0.0,0.0,0.0,0.0
nfcorpus,PLAIN-1172,hybrid,0.2200917662980801,0.0526315789473684,0.1,1.0,0.0526315789473684
nfcorpus,PLAIN-1183,hybrid,0.2984900352767555,0.2,0.2,1.0,0.0608050196568512
nfcorpus,PLAIN-1193,hybrid,0.0,0.5555555555555556,0.0,0.0714285714285714,0.0646452286433727
nfcorpus,PLAIN-12,hybrid,0.0423027641059524,0.1333333333333333,0.1,0.3333333333333333,0.0177644310977644
nfcorpus,PLAIN-1203,hybrid,0.3589542101716347,0.4166666666666667,0.2,1.0,0.2137345679012345
nfcorpus,PLAIN-1214,hybrid,0.0,0.0,0.0,0.0,0.0
nfcorpus,PLAIN-1225,hybrid,0.6749359875559982,0.4074074074074074,0.6,1.0,0.253359093938804
nfcorpus,PLAIN-123,hybrid,0.0896628430076681,0.196078431372549,0.1,1.0,0.0410094157112004
nfcorpus,PLAIN-1236,hybrid,0.3391602052736161,0.2,0.1,1.0,0.2
nfcorpus,PLAIN-1249,hybrid,0.0,0.0,0.0,0.0,0.0
nfcorpus,PLAIN-1262,hybrid,0.4152807670887412,0.3,0.3,1.0,0.2266666666666666
nfcorpus,PLAIN-1275,hybrid,0.538431315257452,0.2,0.4,1.0,0.0898925568771076
nfcorpus,PLAIN-1288,hybrid,0.7065836017263628,0.1275510204081632,0.6,1.0,0.0628518282067637
nfcorpus,PLAIN-1299,hybrid,0.0783982689786753,0.0491803278688524,0.1,0.1666666666666666,0.0066640010662401
nfcorpus,PLAIN-1309,hybrid,0.0,0.0,0.0,0.0,0.0
nfcorpus,PLAIN-1320,hybrid,0.2032495876139783,0.5,0.2,0.1666666666666666,0.1111111111111111
nfcorpus,PLAIN-133,hybrid,0.090646680047143,0.0833333333333333,0.1,0.125,0.0055765993265993
nfcorpus,PLAIN-1331,hybrid,0.0,0.0,0.0,0.0,0.0
nfcorpus,PLAIN-1342,hybrid,0.3187939258847263,0.3125,0.3,0.5,0.1467657342657342
nfcorpus,PLAIN-1353,hybrid,0.0,0.0,0.0,0.0,0.0
nfcorpus,PLAIN-1363,hybrid,0.2837125544970318,0.2727272727272727,0.2,1.0,0.1227272727272727
nfcorpus,PLAIN-1374,hybrid,0.07336392209936,0.2307692307692307,0.1,0.1428571428571428,0.0238137961410994
nfcorpus,PLAIN-1387,hybrid,0.6840182226156365,0.6666666666666666,0.6,1.0,0.4916666666666666
nfcorpus,PLAIN-1398,hybrid,1.0,0.3203883495145631,1.0,1.0,0.264858751217139
nfcorpus,PLAIN-1409,hybrid,0.0783982689786753,0.067193675889328,0.1,0.1666666666666666,0.0136668599565544
nfcorpus,PLAIN-1419,hybrid,0.3718539573761155,0.1846153846153846,0.3,1.0,0.0585527518652057
nfcorpus,PLAIN-1429,hybrid,0.0,0.0,0.0,0.0,0.0
nfcorpus,PLAIN-143,hybrid,0.6909032516569062,0.1764705882352941,0.3,1.0,0.076844070961718
nfcorpus,PLAIN-1441,hybrid,0.58874982024632,0.1827956989247312,0.5,1.0,0.0828928009715104
nfcorpus,PLAIN-1453,hybrid,0.3757677525932109,0.1224489795918367,0.4,0.5,0.0478857279851734
nfcorpus,PLAIN-1463,hybrid,0.5599332595218055,0.375,0.5,1.0,0.1806818181818181
nfcorpus,PLAIN-1473,hybrid,1.0,1.0,0.1,1.0,1.0
nfcorpus,PLAIN-1485,hybrid,0.0694312219367772,0.0555555555555555,0.1,0.125,0.0057307110878539
nfcorpus,PLAIN-1496,hybrid,0.0,0.0,0.0,0.0,0.0
nfcorpus,PLAIN-1506,hybrid,0.2200917662980801,0.2,0.1,1.0,0.0712863401035444
nfcorpus,PLAIN-1516,hybrid,0.0,0.0,0.0,0.0,0.0
nfcorpus,PLAIN-1527,hybrid,0.8572048559638626,0.1584158415841584,0.8,1.0,0.1200491140172435
nfcorpus,PLAIN-153,hybrid,0.733604221052867,0.3191489361702128,0.8,1.0,0.2562030852390104
nfcorpus,PLAIN-1537,hybrid,0.5494344239412027,0.2222222222222222,0.6,0.5,0.101878797570352
nfcorpus,PLAIN-1547,hybrid,0.0,0.1666666666666666,0.0,0.0526315789473684,0.0087719298245614
nfcorpus,PLAIN-1557,hybrid,0.2489083270225946,0.1923076923076923,0.2,0.5,0.0624583749583749
nfcorpus,PLAIN-1568,hybrid,1.0,1.0,0.2,1.0,1.0
nfcorpus,PLAIN-1579,hybrid,0.3391602052736161,0.2,0.1,1.0,0.2
nfcorpus,PLAIN-1590,hybrid,0.1388624438735545,0.2222222222222222,0.1,0.5,0.0360672996342866
nfcorpus,PLAIN-1601,hybrid,0.7846170207230129,0.2567567567567567,0.7,1.0,0.1535471758217704
nfcorpus,PLAIN-1611,hybrid,0.0,0.0,0.0,0.0,0.0
nfcorpus,PLAIN-1621,hybrid,0.0,0.0,0.0,0.0,0.0
nfcorpus,PLAIN-1635,hybrid,0.9266360779006398,0.1461716937354988,0.9,1.0,0.1166356352926011
nfcorpus,PLAIN-1645,hybrid,0.3026024134988135,0.1666666666666666,0.1,1.0,0.1666666666666666
nfcorpus,PLAIN-165,hybrid,0.3519284108810249,0.2777777777777778,0.5,0.5,0.124805159459631
nfcorpus,PLAIN-1656,hybrid,0.0,0.0357142857142857,0.0,0.0769230769230769,0.0027472527472527
nfcorpus,PLAIN-1667,hybrid,0.7655934900767001,0.2389937106918239,0.7,1.0,0.1503000587762032
nfcorpus,PLAIN-1679,hybrid,0.0,0.0,0.0,0.0,0.0
nfcorpus,PLAIN-1690,hybrid,0.0,0.25,0.0,0.0161290322580645,0.0040322580645161
nfcorpus,PLAIN-1700,hybrid,0.0,0.2,0.0,0.0192307692307692,0.0038461538461538
nfcorpus,PLAIN-1710,hybrid,1.0,0.875,1.0,1.0,0.8165005184766214
nfcorpus,PLAIN-1721,hybrid,0.5599332595218055,0.2258064516129032,0.5,1.0,0.1374241898695592
nfcorpus,PLAIN-1731,hybrid,0.7653606369886217,1.0,0.2,1.0,0.6923076923076924
nfcorpus,PLAIN-1741,hybrid,1.0,0.1642857142857142,1.0,1.0,0.1483859313536416
nfcorpus,PLAIN-175,hybrid,0.3590828504335162,0.1351351351351351,0.4,1.0,0.1018018018018018
nfcorpus,PLAIN-1752,hybrid,0.0,0.0,0.0,0.0,0.0
nfcorpus,PLAIN-1762,hybrid,0.4416737339478612,0.625,0.3,1.0,0.2869349128540305
nfcorpus,PLAIN-1772,hybrid,1.0,1.0,0.2,1.0,1.0
nfcorpus,PLAIN-1784,hybrid,0.0,0.0,0.0,0.0,0.0
nfcorpus,PLAIN-1794,hybrid,0.8503449055347546,1.0,0.2,1.0,0.7
nfcorpus,PLAIN-1805,hybrid,0.936379211801048,0.2672413793103448,0.9,1.0,0.2281630924940619
nfcorpus,PLAIN-1817,hybrid,0.5541432109622958,0.4074074074074074,0.4,1.0,0.2036977369068012
nfcorpus,PLAIN-1827,hybrid,0.0,0.0,0.0,0.0,0.0
nfcorpus,PLAIN-1837,hybrid,1.0,0.3163265306122449,1.0,1.0,0.2821157547801036
nfcorpus,PLAIN-1847,hybrid,0.2200917662980801,0.2727272727272727,0.1,1.0,0.0964772727272727
nfcorpus,PLAIN-1857,hybrid,0.5541432109622958,0.1818181818181818,0.4,1.0,0.1241314749323902
nfcorpus,PLAIN-186,hybrid,0.1388624438735545,0.0416666666666666,0.1,0.5,0.0208333333333333
nfcorpus,PLAIN-1867,hybrid,0.0,0.1428571428571428,0.0,0.0357142857142857,0.0051020408163265
nfcorpus,PLAIN-1877,hybrid,0.0,0.0555555555555555,0.0,0.0172413793103448,0.001040094430899
nfcorpus,PLAIN-1887,hybrid,0.0,0.0,0.0,0.0,0.0
nfcorpus,PLAIN-1897,hybrid,0.2640681225725909,0.5,0.1,0.25,0.125
nfcorpus,PLAIN-1909,hybrid,0.8415908474314974,0.1036717062634989,0.8,1.0,0.0704873805835799
nfcorpus,PLAIN-1919,hybrid,0.7909506325094736,0.6296296296296297,0.7,1.0,0.3467110696128938
nfcorpus,PLAIN-1929,hybrid,0.0,0.2,0.0,0.0909090909090909,0.020855614973262
nfcorpus,PLAIN-1940,hybrid,0.3589542101716347,0.1666666666666666,0.2,1.0,0.1666666666666666
nfcorpus,PLAIN-1950,hybrid,0.2489083270225946,0.2307692307692307,0.2,0.5,0.1012820512820512
nfcorpus,PLAIN-196,hybrid,0.6758704024811182,0.1159420289855072,0.6,1.0,0.073774340654136
nfcorpus,PLAIN-1962,hybrid,0.0,0.0,0.0,0.0,0.0
nfcorpus,PLAIN-1972,hybrid,0.0,0.0909090909090909,0.0,0.0120481927710843,0.0010952902519167
nfcorpus,PLAIN-1983,hybrid,1.0,0.5,1.0,1.0,0.4231150793650793
nfcorpus,PLAIN-1995,hybrid,0.0,0.1818181818181818,0.0,0.0833333333333333,0.0106574216743708
nfcorpus,PLAIN-2,hybrid,0.6906965624336822,0.7083333333333334,0.6,1.0,0.4173942810072638
nfcorpus,PLAIN-2009,hybrid,0.1089364926177559,0.125,0.1,0.25,0.03125
nfcorpus,PLAIN-2019,hybrid,0.2960819109658652,0.3333333333333333,0.1,0.5,0.1666666666666666
nfcorpus,PLAIN-2030,hybrid,0.1909208661789347,0.1666666666666666,0.1,0.5,0.0833333333333333
nfcorpus,PLAIN-2040,hybrid,0.5541432109622958,0.1818181818181818,0.4,1.0,0.0744282840779665
nfcorpus,PLAIN-2051,hybrid,0.5053603444371989,0.1239436619718309,0.6,0.3333333333333333,0.0640633255044775
nfcorpus,PLAIN-2061,hybrid,0.905211635630449,0.1536585365853658,0.9,1.0,0.1317279395439311
nfcorpus,PLAIN-207,hybrid,0.6581810421830974,0.2545454545454545,0.6,1.0,0.1376532636304135
nfcorpus,PLAIN-2071,hybrid,0.4847119890255185,0.3777777777777777,0.4,1.0,0.1708404456660687
nfcorpus,PLAIN-2081,hybrid,1.0,1.0,0.1,1.0,1.0
nfcorpus,PLAIN-2092,hybrid,0.6489315753318465,0.5,0.5,1.0,0.5
nfcorpus,PLAIN-2102,hybrid,0.611755947233009,0.1163895486935867,0.7,0.5,0.0699857191281305
nfcorpus,PLAIN-2113,hybrid,0.0,0.0,0.0,0.0,0.0
nfcorpus,PLAIN-2124,hybrid,0.5867945846769145,0.6470588235294118,0.5,1.0,0.3353825799094341
nfcorpus,PLAIN-2134,hybrid,0.0,0.0833333333333333,0.0,0.0104166666666666,0.0008680555555555
nfcorpus,PLAIN-2145,hybrid,0.1482972305701491,0.1111111111111111,0.1,0.5,0.0555555555555555
nfcorpus,PLAIN-2156,hybrid,0.7016782760391698,1.0,0.4,1.0,0.5641203703703703
nfcorpus,PLAIN-2167,hybrid,0.0,0.0,0.0,0.0,0.0
nfcorpus,PLAIN-217,hybrid,0.0,0.0277777777777777,0.0,0.02,0.0005555555555555
nfcorpus,PLAIN-2177,hybrid,0.4288398090337664,0.2083333333333333,0.4,0.5,0.1321338383838383
nfcorpus,PLAIN-2187,hybrid,0.2350455494144854,0.1111111111111111,0.1,1.0,0.1111111111111111
nfcorpus,PLAIN-2197,hybrid,0.936379211801048,0.3103448275862069,0.9,1.0,0.2203119142017376
nfcorpus,PLAIN-2209,hybrid,0.0,0.0,0.0,0.0,0.0
nfcorpus,PLAIN-2220,hybrid,0.3029889503327762,0.2222222222222222,0.2,1.0,0.1333333333333333
nfcorpus,PLAIN-2230,hybrid,0.0,0.0,0.0,0.0,0.0
nfcorpus,PLAIN-2240,hybrid,0.5517854393872873,0.4545454545454545,0.5,1.0,0.3164502164502165
nfcorpus,PLAIN-2250,hybrid,0.0,1.0,0.0,0.0666666666666666,0.0533333333333333
nfcorpus,PLAIN-2261,hybrid,0.5103515512676446,0.1833333333333333,0.4,1.0,0.0780607074681101
nfcorpus,PLAIN-227,hybrid,0.0694312219367772,0.025,0.1,0.125,0.003125
nfcorpus,PLAIN-2271,hybrid,0.0,0.0,0.0,0.0,0.0
nfcorpus,PLAIN-2281,hybrid,0.0,0.0,0.0,0.0,0.0
nfcorpus,PLAIN-2291,hybrid,0.1208113026994942,0.4,0.1,0.1666666666666666,0.0471264367816091
nfcorpus,PLAIN-23,hybrid,0.4431933698177305,0.1111111111111111,0.5,1.0,0.0741331970498637
nfcorpus,PLAIN-2301,hybrid,0.07336392209936,0.2307692307692307,0.1,0.1428571428571428,0.021565934065934
nfcorpus,PLAIN-2311,hybrid,0.0,0.0,0.0,0.0,0.0
nfcorpus,PLAIN-2321,hybrid,0.0,0.0,0.0,0.0,0.0
nfcorpus,PLAIN-2332,hybrid,0.5517854393872873,0.268041237113402,0.5,1.0,0.112167842315168
nfcorpus,PLAIN-2343,hybrid,0.0,0.0,0.0,0.0,0.0
nfcorpus,PLAIN-2354,hybrid,0.5531464700081437,0.4,0.2,1.0,0.4
nfcorpus,PLAIN-2364,hybrid,0.0,0.0,0.0,0.0,0.0
nfcorpus,PLAIN-2375,hybrid,0.0,0.5,0.0,0.0172413793103448,0.0086206896551724
nfcorpus,PLAIN-238,hybrid,0.1388624438735545,0.037037037037037,0.1,0.5,0.010047281323877
nfcorpus,PLAIN-2386,hybrid,0.11004588314904,0.2631578947368421,0.1,0.3333333333333333,0.0458104447024114
nfcorpus,PLAIN-2396,hybrid,0.0,0.0,0.0,0.0,0.0
nfcorpus,PLAIN-2408,hybrid,0.098039285831357,0.4,0.1,0.1,0.0250632911392405
nfcorpus,PLAIN-2430,hybrid,0.4690000933206747,0.217391304347826,0.3,1.0,0.0980067676203956
nfcorpus,PLAIN-2440,hybrid,0.0,0.0,0.0,0.0,0.0
nfcorpus,PLAIN-2450,hybrid,0.3052348839397011,0.1842105263157894,0.2,1.0,0.0625517572643668
nfcorpus,PLAIN-2460,hybrid,0.4509615679259843,0.2903225806451613,0.4,0.5,0.0980653062789142
nfcorpus,PLAIN-2470,hybrid,0.4294525148711476,0.2328767123287671,0.4,1.0,0.0808298205786746
nfcorpus,PLAIN-248,hybrid,0.139618145553749,0.1935483870967742,0.2,0.1428571428571428,0.0389699965572799
nfcorpus,PLAIN-2480,hybrid,0.3548122743582241,0.5,0.4,1.0,0.1936763468013468
nfcorpus,PLAIN-2490,hybrid,0.3620181203868193,0.3043478260869565,0.3,0.5,0.1053227523354162
nfcorpus,PLAIN-2500,hybrid,0.1872544999534337,0.7142857142857143,0.1,0.25,0.0880923798090664
nfcorpus,PLAIN-2510,hybrid,0.7279901431917941,0.5652173913043478,0.7,1.0,0.3383003545311248
nfcorpus,PLAIN-2520,hybrid,0.0599771606703905,0.1232876712328767,0.2,0.25,0.0229934470352431
nfcorpus,PLAIN-2530,hybrid,0.9048032373092418,0.3055555555555556,1.0,1.0,0.2687868919052133
nfcorpus,PLAIN-2540,hybrid,0.5858500834505297,0.5714285714285714,0.5,1.0,0.2885330154208873
nfcorpus,PLAIN-2550,hybrid,0.0,0.32,0.0,0.0714285714285714,0.0363340720244768
nfcorpus,PLAIN-2560,hybrid,0.8630152897016882,0.6666666666666666,0.8,1.0,0.4960633243196269
nfcorpus,PLAIN-2570,hybrid,0.2250979506068671,0.15,0.2,0.3333333333333333,0.0305811119909199
nfcorpus,PLAIN-2580,hybrid,0.3896096958444333,0.1304347826086956,0.2,1.0,0.0698757763975155
nfcorpus,PLAIN-259,hybrid,0.3589542101716347,0.2142857142857142,0.2,1.0,0.1458752515090543
nfcorpus,PLAIN-2590,hybrid,0.0906075444405991,0.0952380952380952,0.2,0.125,0.0154048697152145
nfcorpus,PLAIN-2600,hybrid,0.6613158235505794,0.4,0.3,1.0,0.3307692307692307
nfcorpus,PLAIN-2610,hybrid,0.335395769556339,0.1147540983606557,0.4,0.5,0.0415460374332396
nfcorpus,PLAIN-2620,hybrid,0.1584091525685025,0.2909090909090909,0.2,0.25,0.0584936610258835
nfcorpus,PLAIN-2630,hybrid,0.5635709448196854,0.2916666666666667,0.5,1.0,0.1502620174044862
nfcorpus,PLAIN-2640,hybrid,0.577674608341486,0.5,0.9,1.0,0.3373540452648682
nfcorpus,PLAIN-2650,hybrid,0.3995688713838976,0.3793103448275862,0.3,1.0,0.1204182990486267
nfcorpus,PLAIN-2660,hybrid,0.2172607128522298,0.2962962962962963,0.2,0.5,0.0590991567500287
nfcorpus,PLAIN-2670,hybrid,0.3406992958233561,0.0857142857142857,0.1,1.0,0.0330039525691699
nfcorpus,PLAIN-2680,hybrid,0.2855599201708855,0.3571428571428571,0.2,0.5,0.0998954605765751
nfcorpus,PLAIN-2690,hybrid,0.351522365230886,0.1162790697674418,0.3,1.0,0.0679748062015503
nfcorpus,PLAIN-270,hybrid,0.2200917662980801,0.25,0.1,1.0,0.0556889230040244
nfcorpus,PLAIN-2700,hybrid,0.1318004790120968,0.7,0.1,0.2,0.0877480260741254
nfcorpus,PLAIN-2710,hybrid,0.6876766846858763,0.2857142857142857,0.5,1.0,0.2337301587301587
nfcorpus,PLAIN-2720,hybrid,0.2484728055119538,0.3055555555555556,0.2,1.0,0.0767654845264985
nfcorpus,PLAIN-2730,hybrid,0.6702851413077718,0.3448275862068966,0.5,1.0,0.2003115323947176
nfcorpus,PLAIN-2740,hybrid,0.5494008292711625,0.24,0.5,0.5,0.1094497071555895
nfcorpus,PLAIN-2750,hybrid,0.5009210695574934,0.2711864406779661,0.7,1.0,0.1734067391200136
nfcorpus,PLAIN-2760,hybrid,0.0,0.0,0.0,0.0,0.0
nfcorpus,PLAIN-2770,hybrid,0.2326357557322262,0.4146341463414634,0.4,0.3333333333333333,0.1212730921761588
nfcorpus,PLAIN-2780,hybrid,0.4308431902081481,0.4545454545454545,0.5,1.0,0.2433165254285944
nfcorpus,PLAIN-2790,hybrid,0.4934547340204614,0.1186440677966101,0.4,1.0,0.0731852062859041
nfcorpus,PLAIN-280,hybrid,0.5174612499126158,0.45,0.4,1.0,0.2005815018315018
nfcorpus,PLAIN-2800,hybrid,0.0358262204592998,0.125,0.1,0.125,0.0125754830917874
nfcorpus,PLAIN-2810,hybrid,0.0,0.5,0.0,0.0833333333333333,0.0357015669515669
nfcorpus,PLAIN-2820,hybrid,0.0,0.125,0.0,0.0161290322580645,0.002016129032258
nfcorpus,PLAIN-2830,hybrid,0.3631143808977028,1.0,0.1,0.3333333333333333,0.137089518668466
nfcorpus,PLAIN-2840,hybrid,0.0,0.0,0.0,0.0,0.0
nfcorpus,PLAIN-2850,hybrid,0.0,0.3333333333333333,0.0,0.0833333333333333,0.0248042159806865
nfcorpus,PLAIN-2860,hybrid,1.0,1.0,0.2,1.0,1.0
nfcorpus,PLAIN-2870,hybrid,0.0781764177375172,0.2,0.1,0.2,0.04
nfcorpus,PLAIN-2880,hybrid,0.0,0.0588235294117647,0.0,0.0212765957446808,0.0012515644555694
nfcorpus,PLAIN-2890,hybrid,0.2892598909735473,0.0344827586206896,0.1,0.5,0.0172413793103448
nfcorpus,PLAIN-2900,hybrid,0.0,0.0833333333333333,0.0,0.04,0.0033333333333333
nfcorpus,PLAIN-291,hybrid,0.3589542101716347,0.4615384615384615,0.2,1.0,0.187406652645513
nfcorpus,PLAIN-2910,hybrid,0.3843483686763148,0.0666666666666666,0.1,1.0,0.0666666666666666
nfcorpus,PLAIN-2920,hybrid,0.0,0.1428571428571428,0.0,0.027027027027027,0.0038610038610038
nfcorpus,PLAIN-2930,hybrid,0.5066760619846871,0.4285714285714285,0.2,1.0,0.108739111467182
nfcorpus,PLAIN-2940,hybrid,0.0,0.0,0.0,0.0,0.0
nfcorpus,PLAIN-2950,hybrid,0.0,0.0,0.0,0.0,0.0
nfcorpus,PLAIN-2960,hybrid,0.3196311965446524,0.5,0.1,0.2,0.1
nfcorpus,PLAIN-2970,hybrid,0.4796550695430686,0.1111111111111111,0.1,1.0,0.1111111111111111
nfcorpus,PLAIN-2981,hybrid,0.5321036168710065,0.2857142857142857,0.1,1.0,0.1688311688311688
nfcorpus,PLAIN-2991,hybrid,0.3065735963827292,0.5,0.1,0.3333333333333333,0.1666666666666666
nfcorpus,PLAIN-3001,hybrid,0.3065735963827292,0.5,0.1,0.3333333333333333,0.1666666666666666
nfcorpus,PLAIN-3014,hybrid,0.0,0.0,0.0,0.0,0.0
nfcorpus,PLAIN-3026,hybrid,0.2890648263178878,1.0,0.1,0.1,0.1
nfcorpus,PLAIN-3037,hybrid,0.0,0.0,0.0,0.0,0.0
nfcorpus,PLAIN-3053,hybrid,0.7653606369886218,0.6666666666666666,0.2,1.0,0.6666666666666666
nfcorpus,PLAIN-3063,hybrid,0.0,0.0,0.0,0.0,0.0
nfcorpus,PLAIN-307,hybrid,0.8385465274895064,1.0,0.3,1.0,0.6666666666666666
nfcorpus,PLAIN-3074,hybrid,1.0,1.0,0.1,1.0,1.0
nfcorpus,PLAIN-3085,hybrid,0.5249810332008934,1.0,0.2,0.3333333333333333,0.3333333333333333
nfcorpus,PLAIN-3097,hybrid,0.515157140670655,0.5,0.1,1.0,0.2857142857142857
nfcorpus,PLAIN-3116,hybrid,0.0,0.0,0.0,0.0,0.0
nfcorpus,PLAIN-3131,hybrid,0.5110924847758863,0.3333333333333333,0.2,1.0,0.1999999999999999
nfcorpus,PLAIN-3141,hybrid,0.2149573227557991,0.1764705882352941,0.1,0.5,0.0270093927403324
nfcorpus,PLAIN-3151,hybrid,0.602484566462601,0.6111111111111112,0.6,0.5,0.3143497692474301
nfcorpus,PLAIN-3161,hybrid,0.6449373991312765,0.3720930232558139,0.4,1.0,0.1411666933060913
nfcorpus,PLAIN-3171,hybrid,0.0,0.2058823529411764,0.0,0.04,0.0153544554029156
nfcorpus,PLAIN-3181,hybrid,0.0694312219367772,0.1111111111111111,0.1,0.125,0.0103909465020576
nfcorpus,PLAIN-3191,hybrid,0.5055309907753215,0.5625,0.3,1.0,0.2357222385905582
nfcorpus,PLAIN-320,hybrid,0.0,0.2142857142857142,0.0,0.0357142857142857,0.0161279813006729
nfcorpus,PLAIN-3201,hybrid,0.1974505933948841,0.125,0.1,0.25,0.0239109848484848
nfcorpus,PLAIN-3211,hybrid,0.0,0.0,0.0,0.0,0.0
nfcorpus,PLAIN-3221,hybrid,0.0,0.1666666666666666,0.0,0.0344827586206896,0.0080006280643462
nfcorpus,PLAIN-3231,hybrid,0.0,0.75,0.0,0.0769230769230769,0.0798590526239302
nfcorpus,PLAIN-3241,hybrid,0.2892598909735473,0.0344827586206896,0.1,0.5,0.0172413793103448
nfcorpus,PLAIN-3251,hybrid,0.0509406755728625,0.1428571428571428,0.1,0.1428571428571428,0.0233972376829519
nfcorpus,PLAIN-3261,hybrid,0.1135664319411187,0.1538461538461538,0.1,0.1428571428571428,0.0153846153846153
nfcorpus,PLAIN-3271,hybrid,0.0,0.0816326530612244,0.0,0.0555555555555555,0.0046983720334501
nfcorpus,PLAIN-3281,hybrid,0.2852021958319073,0.0769230769230769,0.2,0.5,0.0302197802197802
nfcorpus,PLAIN-3292,hybrid,0.6630763646213644,0.8571428571428571,0.5,1.0,0.7266483516483516
nfcorpus,PLAIN-33,hybrid,0.3301114206708052,0.25,0.4,0.3333333333333333,0.093018496058217
nfcorpus,PLAIN-3302,hybrid,0.0,0.3243243243243243,0.0,0.0769230769230769,0.0417662323239579
nfcorpus,PLAIN-3312,hybrid,0.2575097817144832,0.6923076923076923,0.4,0.5,0.2513802855001979
nfcorpus,PLAIN-332,hybrid,0.6131471927654584,0.5,0.1,1.0,0.5
nfcorpus,PLAIN-3322,hybrid,0.0851431176416209,0.1139240506329113,0.1,0.2,0.0165204100853105
nfcorpus,PLAIN-3332,hybrid,0.6812544851297097,0.7857142857142857,0.6,1.0,0.5280475826694314
nfcorpus,PLAIN-3342,hybrid,0.7653606369886218,1.0,0.2,1.0,0.6805555555555555
nfcorpus,PLAIN-3352,hybrid,0.0,0.1794871794871795,0.0,0.0333333333333333,0.0112401295774955
nfcorpus,PLAIN-3362,hybrid,0.6820218010517334,0.2727272727272727,0.3,1.0,0.25
nfcorpus,PLAIN-3372,hybrid,0.1325264178328683,0.1428571428571428,0.1,0.1,0.0087127158555729
nfcorpus,PLAIN-3382,hybrid,0.3041463622883499,0.6428571428571429,0.4,1.0,0.3368730215919911
nfcorpus,PLAIN-3392,hybrid,0.0,0.0869565217391304,0.0,0.0303030303030303,0.0036058525761042
nfcorpus,PLAIN-3402,hybrid,0.0851431176416209,0.0714285714285714,0.1,0.2,0.0142857142857142
nfcorpus,PLAIN-3412,hybrid,0.1666829188108013,0.1428571428571428,0.2,1.0,0.0374206006449268
nfcorpus,PLAIN-3422,hybrid,0.0,0.6129032258064516,0.0,0.0909090909090909,0.1435346635706263
nfcorpus,PLAIN-3432,hybrid,0.4341754806679218,0.2142857142857142,0.4,1.0,0.0751881125001425
nfcorpus,PLAIN-344,hybrid,0.2069405739352224,0.1147540983606557,0.2,1.0,0.0315342071159205
nfcorpus,PLAIN-3442,hybrid,0.03263394213147,0.0689655172413793,0.1,0.125,0.0060344827586206
nfcorpus,PLAIN-3452,hybrid,0.5089671852760168,0.4117647058823529,0.4,1.0,0.182129126160268
nfcorpus,PLAIN-3462,hybrid,0.6364741801035539,0.453125,0.6,1.0,0.2107566031328623
nfcorpus,PLAIN-3472,hybrid,0.0,0.2352941176470588,0.0,0.0227272727272727,0.0089237693510005
nfcorpus,PLAIN-358,hybrid,0.0,0.0,0.0,0.0,0.0
nfcorpus,PLAIN-371,hybrid,0.1377057761880933,1.0,0.1,0.3333333333333333,0.2121212121212121
nfcorpus,PLAIN-383,hybrid,0.1460683498427064,0.2,0.1,0.25,0.05
nfcorpus,PLAIN-395,hybrid,0.0,0.0,0.0,0.0,0.0
nfcorpus,PLAIN-407,hybrid,0.7262287617954056,0.6666666666666666,0.1,1.0,0.3469387755102041
nfcorpus,PLAIN-418,hybrid,0.9072836011519269,1.0,0.2,1.0,0.6952380952380953
nfcorpus,PLAIN-430,hybrid,0.6489889195631369,0.625,0.3,1.0,0.3956974215594905
nfcorpus,PLAIN-44,hybrid,0.1934240188491903,0.2068965517241379,0.3,0.3333333333333333,0.0425328454473687
nfcorpus,PLAIN-441,hybrid,0.7159688412324008,1.0,0.4,1.0,0.7769230769230769
nfcorpus,PLAIN-457,hybrid,0.0,0.0,0.0,0.0,0.0
nfcorpus,PLAIN-468,hybrid,0.5212560199520619,0.7,0.2,1.0,0.1767897846316123
nfcorpus,PLAIN-478,hybrid,0.0,0.0,0.0,0.0,0.0
nfcorpus,PLAIN-488,hybrid,0.936379211801048,0.7333333333333333,0.9,1.0,0.7217171717171716
nfcorpus,PLAIN-499,hybrid,0.3836331529183764,0.1470588235294117,0.3,1.0,0.0666552667578659
nfcorpus,PLAIN-510,hybrid,0.0,0.1666666666666666,0.0,0.0344827586206896,0.0057471264367816
nfcorpus,PLAIN-520,hybrid,0.0,0.0,0.0,0.0,0.0
nfcorpus,PLAIN-531,hybrid,0.22476126319537,0.1038961038961039,0.3,0.2,0.0392620160889255
nfcorpus,PLAIN-541,hybrid,0.2214161691338287,0.5,0.2,0.25,0.1037037037037037
nfcorpus,PLAIN-551,hybrid,0.0,0.0,0.0,0.0,0.0
nfcorpus,PLAIN-56,hybrid,0.7044556613348937,0.14,0.5,1.0,0.1055921052631578
nfcorpus,PLAIN-561,hybrid,0.3589542101716347,0.12,0.2,1.0,0.0815
nfcorpus,PLAIN-571,hybrid,0.2247194739855928,0.4285714285714285,0.2,0.25,0.0982142857142857
nfcorpus,PLAIN-583,hybrid,0.066254223454389,0.0227272727272727,0.1,0.1111111111111111,0.0025252525252525
nfcorpus,PLAIN-593,hybrid,0.4692787260227564,0.3333333333333333,0.1,1.0,0.3333333333333333
nfcorpus,PLAIN-603,hybrid,0.0,0.0,0.0,0.0,0.0
nfcorpus,PLAIN-613,hybrid,0.11004588314904,0.2,0.1,0.3333333333333333,0.0354609929078014
nfcorpus,PLAIN-623,hybrid,0.3222722491219547,0.1463414634146341,0.3,0.5,0.0465527299099752
nfcorpus,PLAIN-634,hybrid,0.2934556883974402,0.1904761904761904,0.2,1.0,0.0703221047455126
nfcorpus,PLAIN-645,hybrid,0.0,0.0689655172413793,0.0,0.0294117647058823,0.0019994204578383
nfcorpus,PLAIN-660,hybrid,1.0,0.0989473684210526,1.0,1.0,0.0766032154031324
nfcorpus,PLAIN-671,hybrid,1.0,1.0,0.1,1.0,1.0
nfcorpus,PLAIN-68,hybrid,0.4584660801557625,0.2,0.1,1.0,0.0493454434530702
nfcorpus,PLAIN-681,hybrid,1.0,1.0,0.1,1.0,1.0
nfcorpus,PLAIN-691,hybrid,0.0,0.1428571428571428,0.0,0.0188679245283018,0.0035767721560024
nfcorpus,PLAIN-701,hybrid,0.3430427114200248,0.625,0.2,1.0,0.1882057777379244
nfcorpus,PLAIN-711,hybrid,0.3301376494471202,0.0701754385964912,0.2,1.0,0.0326675663517768
nfcorpus,PLAIN-721,hybrid,1.0,0.72,1.0,1.0,0.6872
nfcorpus,PLAIN-731,hybrid,0.7846170207230129,0.4259259259259259,0.7,1.0,0.2629128678801946
nfcorpus,PLAIN-741,hybrid,0.7183627972686238,0.4210526315789473,0.6,1.0,0.3287683494450412
nfcorpus,PLAIN-751,hybrid,0.0,0.0,0.0,0.0,0.0
nfcorpus,PLAIN-761,hybrid,0.1909208661789347,0.1666666666666666,0.1,0.5,0.0833333333333333
nfcorpus,PLAIN-771,hybrid,0.7653606369886217,1.0,0.2,1.0,0.6766666666666666
nfcorpus,PLAIN-78,hybrid,0.1359975166623088,0.064516129032258,0.2,0.2,0.01067619846138
nfcorpus,PLAIN-782,hybrid,0.0,0.0,0.0,0.0,0.0
nfcorpus,PLAIN-792,hybrid,0.4539036202482202,0.3333333333333333,0.2,1.0,0.2777777777777777
nfcorpus,PLAIN-806,hybrid,0.905211635630449,0.2708333333333333,0.9,1.0,0.1975360646722107
nfcorpus,PLAIN-817,hybrid,0.0,0.0,0.0,0.0,0.0
nfcorpus,PLAIN-827,hybrid,0.6520881886359191,0.1721311475409836,0.6,1.0,0.0994736213936442
nfcorpus,PLAIN-838,hybrid,0.7767471075223498,0.7777777777777778,0.6,1.0,0.6744444444444445
nfcorpus,PLAIN-850,hybrid,0.6207622843987102,0.1403508771929824,0.5,1.0,0.0918141557239301
nfcorpus,PLAIN-872,hybrid,0.0,0.0,0.0,0.0,0.0
nfcorpus,PLAIN-882,hybrid,0.6421867266689009,0.6,0.5,1.0,0.3652377687671804
nfcorpus,PLAIN-892,hybrid,0.586892471849393,0.0978260869565217,0.5,1.0,0.0498004045135192
nfcorpus,PLAIN-902,hybrid,0.5855700749881525,0.5,0.2,1.0,0.4166666666666666
nfcorpus,PLAIN-91,hybrid,0.2514704371789787,0.15625,0.3,1.0,0.066941339130617
nfcorpus,PLAIN-913,hybrid,0.8669479898642709,0.4411764705882353,0.8,1.0,0.3141471745706762
nfcorpus,PLAIN-924,hybrid,0.6339753813071974,0.40625,0.6,1.0,0.1940260658272528
nfcorpus,PLAIN-934,hybrid,0.5527460588826717,0.396039603960396,0.6,0.5,0.2531647697388056
nfcorpus,PLAIN-946,hybrid,0.2200917662980801,0.0967741935483871,0.1,1.0,0.0358102918586789
nfcorpus,PLAIN-956,hybrid,0.6505132600483446,0.1893203883495145,0.6,1.0,0.0971930104591386
nfcorpus,PLAIN-966,hybrid,0.0,0.3333333333333333,0.0,0.0133333333333333,0.0044444444444444
nfcorpus,PLAIN-977,hybrid,0.4692787260227564,0.3333333333333333,0.1,1.0,0.3333333333333333
nfcorpus,PLAIN-987,hybrid,0.0,0.0,0.0,0.0,0.0
nfcorpus,PLAIN-997,hybrid,0.0,0.0,0.0,0.0,0.0
nfcorpus,PLAIN-1008,hybrid_reranker,0.0,0.0,0.0,0.0,0.0
nfcorpus,PLAIN-1018,hybrid_reranker,0.2940945979596688,0.1333333333333333,0.4,0.25,0.0409188034188034
nfcorpus,PLAIN-102,hybrid_reranker,0.242496821534539,0.125,0.1,0.5,0.0256207400194741
nfcorpus,PLAIN-1028,hybrid_reranker,0.0,1.0,0.0,0.04,0.04
nfcorpus,PLAIN-1039,hybrid_reranker,1.0,1.0,0.2,1.0,1.0
nfcorpus,PLAIN-1050,hybrid_reranker,0.0,0.0319148936170212,0.0,0.0196078431372549,0.0007622340837773
nfcorpus,PLAIN-1066,hybrid_reranker,0.0,0.0,0.0,0.0,0.0
nfcorpus,PLAIN-1088,hybrid_reranker,0.5531464700081437,0.4,0.2,1.0,0.4
nfcorpus,PLAIN-1098,hybrid_reranker,0.0,0.0,0.0,0.0,0.0
nfcorpus,PLAIN-1109,hybrid_reranker,0.6371523797895855,0.1530612244897959,0.5,1.0,0.0852494158608778
nfcorpus,PLAIN-1119,hybrid_reranker,0.0,0.0,0.0,0.0,0.0
nfcorpus,PLAIN-112,hybrid_reranker,0.5374203179684331,0.1071428571428571,0.3,1.0,0.0457174507882055
nfcorpus,PLAIN-1130,hybrid_reranker,1.0,1.0,0.1,1.0,1.0
nfcorpus,PLAIN-1141,hybrid_reranker,0.2200917662980801,0.1875,0.1,1.0,0.0671924468566259
nfcorpus,PLAIN-1151,hybrid_reranker,0.4920062203073637,0.1372549019607843,0.4,1.0,0.0497085804248486
nfcorpus,PLAIN-1161,hybrid_reranker,0.0,0.0,0.0,0.0,0.0
nfcorpus,PLAIN-1172,hybrid_reranker,0.2200917662980801,0.0526315789473684,0.1,1.0,0.0526315789473684
nfcorpus,PLAIN-1183,hybrid_reranker,0.2489083270225946,0.2,0.2,0.5,0.0541383529901845
nfcorpus,PLAIN-1193,hybrid_reranker,0.0783982689786753,0.5555555555555556,0.1,0.1666666666666666,0.069936233934378
nfcorpus,PLAIN-12,hybrid_reranker,0.02669007253276,0.1333333333333333,0.1,0.125,0.0108199866533199
nfcorpus,PLAIN-1203,hybrid_reranker,0.3589542101716347,0.4166666666666667,0.2,1.0,0.2085262345679012
nfcorpus,PLAIN-1214,hybrid_reranker,0.0,0.0,0.0,0.0,0.0
nfcorpus,PLAIN-1225,hybrid_reranker,0.7453016244178955,0.4074074074074074,0.7,1.0,0.2590262662726431
nfcorpus,PLAIN-123,hybrid_reranker,0.1783049768721329,0.196078431372549,0.3,0.5,0.0368956133275018
nfcorpus,PLAIN-1236,hybrid_reranker,0.3391602052736161,0.2,0.1,1.0,0.2
nfcorpus,PLAIN-1249,hybrid_reranker,0.0,0.0,0.0,0.0,0.0
nfcorpus,PLAIN-1262,hybrid_reranker,0.3187939258847263,0.3,0.3,0.5,0.16
nfcorpus,PLAIN-1275,hybrid_reranker,0.5933607200949346,0.2,0.5,1.0,0.0915719885565393
nfcorpus,PLAIN-1288,hybrid_reranker,0.3227266260473091,0.1275510204081632,0.4,0.25,0.0460894287879465
nfcorpus,PLAIN-1299,hybrid_reranker,0.2200917662980801,0.0491803278688524,0.1,1.0,0.0205735887463196
nfcorpus,PLAIN-1309,hybrid_reranker,0.0,0.0,0.0,0.0,0.0
nfcorpus,PLAIN-1320,hybrid_reranker,0.4500112274528524,0.5,0.3,0.5,0.2777777777777777
nfcorpus,PLAIN-133,hybrid_reranker,0.090646680047143,0.0833333333333333,0.1,0.125,0.0055765993265993
nfcorpus,PLAIN-1331,hybrid_reranker,0.0,0.0,0.0,0.0,0.0
nfcorpus,PLAIN-1342,hybrid_reranker,0.5321408435198608,0.3125,0.4,1.0,0.234375
nfcorpus,PLAIN-1353,hybrid_reranker,0.0,0.0,0.0,0.0,0.0
nfcorpus,PLAIN-1363,hybrid_reranker,0.2200917662980801,0.2727272727272727,0.1,1.0,0.1146464646464646
nfcorpus,PLAIN-1374,hybrid_reranker,0.2984900352767555,0.2307692307692307,0.2,1.0,0.0650764550508171
nfcorpus,PLAIN-1387,hybrid_reranker,0.6578986223737446,0.6666666666666666,0.6,1.0,0.4805555555555555
nfcorpus,PLAIN-1398,hybrid_reranker,0.936379211801048,0.3203883495145631,0.9,1.0,0.2599016223950758
nfcorpus,PLAIN-1409,hybrid_reranker,0.0851431176416209,0.067193675889328,0.1,0.2,0.0137492051475953
nfcorpus,PLAIN-1419,hybrid_reranker,0.4690000933206748,0.1846153846153846,0.3,1.0,0.0776285478640786
nfcorpus,PLAIN-1429,hybrid_reranker,0.0,0.0,0.0,0.0,0.0
nfcorpus,PLAIN-143,hybrid_reranker,0.5483021537409526,0.1764705882352941,0.3,1.0,0.0515639589169
nfcorpus,PLAIN-1441,hybrid_reranker,0.5173633627401372,0.1827956989247312,0.4,1.0,0.081390095351657
nfcorpus,PLAIN-1453,hybrid_reranker,0.3542454231505416,0.1224489795918367,0.4,0.5,0.0460101205993619
nfcorpus,PLAIN-1463,hybrid_reranker,0.3340514446642156,0.375,0.3,0.5,0.1235490873648768
nfcorpus,PLAIN-1473,hybrid_reranker,1.0,1.0,0.1,1.0,1.0
nfcorpus,PLAIN-1485,hybrid_reranker,0.0,0.0555555555555555,0.0,0.0833333333333333,0.0042887525380522
nfcorpus,PLAIN-1496,hybrid_reranker,0.0,0.0,0.0,0.0,0.0
nfcorpus,PLAIN-1506,hybrid_reranker,0.2200917662980801,0.2,0.1,1.0,0.0712863401035444
nfcorpus,PLAIN-1516,hybrid_reranker,0.0,0.0,0.0,0.0,0.0
nfcorpus,PLAIN-1527,hybrid_reranker,0.8268133666517739,0.1584158415841584,0.8,1.0,0.1172702791644117
nfcorpus,PLAIN-153,hybrid_reranker,0.729044985879428,0.3191489361702128,0.8,1.0,0.2608356331213442
nfcorpus,PLAIN-1537,hybrid_reranker,0.5481351590340573,0.2222222222222222,0.6,0.5,0.1031976249418109
nfcorpus,PLAIN-1547,hybrid_reranker,0.0,0.1666666666666666,0.0,0.05,0.0083333333333333
nfcorpus,PLAIN-1557,hybrid_reranker,0.3151625504769836,0.1923076923076923,0.3,0.5,0.0647893772893772
nfcorpus,PLAIN-1568,hybrid_reranker,1.0,1.0,0.2,1.0,1.0
nfcorpus,PLAIN-1579,hybrid_reranker,0.1312050775123417,0.2,0.1,0.2,0.04
nfcorpus,PLAIN-1590,hybrid_reranker,0.1388624438735545,0.2222222222222222,0.1,0.5,0.0360382737431917
nfcorpus,PLAIN-1601,hybrid_reranker,0.6678262889110271,0.2567567567567567,0.6,1.0,0.1344219533141949
nfcorpus,PLAIN-1611,hybrid_reranker,0.0,0.0,0.0,0.0,0.0
nfcorpus,PLAIN-1621,hybrid_reranker,0.0,0.0,0.0,0.0,0.0
nfcorpus,PLAIN-1635,hybrid_reranker,0.9216017310213246,0.1461716937354988,0.9,1.0,0.116749680585078
nfcorpus,PLAIN-1645,hybrid_reranker,0.3026024134988135,0.1666666666666666,0.1,1.0,0.1666666666666666
nfcorpus,PLAIN-165,hybrid_reranker,0.4474435111162143,0.2777777777777778,0.6,1.0,0.1461615808160523
nfcorpus,PLAIN-1656,hybrid_reranker,0.066254223454389,0.0357142857142857,0.1,0.1111111111111111,0.0039682539682539
nfcorpus,PLAIN-1667,hybrid_reranker,0.7542686714597936,0.2389937106918239,0.7,1.0,0.1485932010760048
nfcorpus,PLAIN-1679,hybrid_reranker,0.0,0.0,0.0,0.0,0.0
nfcorpus,PLAIN-1690,hybrid_reranker,0.0,0.25,0.0,0.0161290322580645,0.0040322580645161
nfcorpus,PLAIN-1700,hybrid_reranker,0.0,0.2,0.0,0.0192307692307692,0.0038461538461538
nfcorpus,PLAIN-1710,hybrid_reranker,1.0,0.875,1.0,1.0,0.8382352941176471
nfcorpus,PLAIN-1721,hybrid_reranker,0.5111707781750244,0.2258064516129032,0.6,0.3333333333333333,0.1222610376096328
nfcorpus,PLAIN-1731,hybrid_reranker,0.7653606369886217,1.0,0.2,1.0,0.6923076923076924
nfcorpus,PLAIN-1741,hybrid_reranker,1.0,0.1642857142857142,1.0,1.0,0.1484305412293998
nfcorpus,PLAIN-175,hybrid_reranker,0.4327179985767491,0.1351351351351351,0.4,1.0,0.1053524112347641
nfcorpus,PLAIN-1752,hybrid_reranker,0.0,0.0,0.0,0.0,0.0
nfcorpus,PLAIN-1762,hybrid_reranker,0.4772656487866462,0.625,0.3,1.0,0.3449430199430199
nfcorpus,PLAIN-1772,hybrid_reranker,1.0,1.0,0.2,1.0,1.0
nfcorpus,PLAIN-1784,hybrid_reranker,0.0,0.0,0.0,0.0,0.0
nfcorpus,PLAIN-1794,hybrid_reranker,1.0,1.0,0.2,1.0,1.0
nfcorpus,PLAIN-1805,hybrid_reranker,1.0,0.2672413793103448,1.0,1.0,0.2315187885221717
nfcorpus,PLAIN-1817,hybrid_reranker,0.5321408435198608,0.4074074074074074,0.4,1.0,0.1863868572120205
nfcorpus,PLAIN-1827,hybrid_reranker,0.0,0.0,0.0,0.0,0.0
nfcorpus,PLAIN-1837,hybrid_reranker,1.0,0.3163265306122449,1.0,1.0,0.2818606527392872
nfcorpus,PLAIN-1847,hybrid_reranker,0.1388624438735545,0.2727272727272727,0.1,0.5,0.0510227272727272
nfcorpus,PLAIN-1857,hybrid_reranker,0.5541432109622958,0.1818181818181818,0.4,1.0,0.1241314749323902
nfcorpus,PLAIN-186,hybrid_reranker,0.1388624438735545,0.0416666666666666,0.1,0.5,0.0208333333333333
nfcorpus,PLAIN-1867,hybrid_reranker,0.0,0.1428571428571428,0.0,0.0357142857142857,0.0051020408163265
nfcorpus,PLAIN-1877,hybrid_reranker,0.0,0.0555555555555555,0.0,0.0172413793103448,0.001040094430899
nfcorpus,PLAIN-1887,hybrid_reranker,0.0,0.0,0.0,0.0,0.0
nfcorpus,PLAIN-1897,hybrid_reranker,0.0,0.5,0.0,0.0666666666666666,0.0333333333333333
nfcorpus,PLAIN-1909,hybrid_reranker,0.8268133666517739,0.1036717062634989,0.8,1.0,0.0699142984404939
nfcorpus,PLAIN-1919,hybrid_reranker,0.7273298443105218,0.6296296296296297,0.6,1.0,0.3369797696855154
nfcorpus,PLAIN-1929,hybrid_reranker,0.07336392209936,0.2,0.1,0.1428571428571428,0.0260504201680672
nfcorpus,PLAIN-1940,hybrid_reranker,0.3589542101716347,0.1666666666666666,0.2,1.0,0.1666666666666666
nfcorpus,PLAIN-1950,hybrid_reranker,0.3151625504769836,0.2307692307692307,0.3,0.5,0.1153846153846153
nfcorpus,PLAIN-196,hybrid_reranker,0.6901935063354874,0.1159420289855072,0.6,1.0,0.0776390749536529
nfcorpus,PLAIN-1962,hybrid_reranker,0.0,0.0,0.0,0.0,0.0
nfcorpus,PLAIN-1972,hybrid_reranker,0.0,0.0909090909090909,0.0,0.0120481927710843,0.0010952902519167
nfcorpus,PLAIN-1983,hybrid_reranker,0.936379211801048,0.5,0.9,1.0,0.4190514346764347
nfcorpus,PLAIN-1995,hybrid_reranker,0.0,0.1818181818181818,0.0,0.0555555555555555,0.0081321691491183
nfcorpus,PLAIN-2,hybrid_reranker,0.6176263145312241,0.7083333333333334,0.7,0.5,0.3897067486322314
nfcorpus,PLAIN-2009,hybrid_reranker,0.1089364926177559,0.125,0.1,0.25,0.03125
nfcorpus,PLAIN-2019,hybrid_reranker,0.4692787260227564,0.3333333333333333,0.1,1.0,0.3333333333333333
nfcorpus,PLAIN-2030,hybrid_reranker,0.3026024134988135,0.1666666666666666,0.1,1.0,0.1666666666666666
nfcorpus,PLAIN-2040,hybrid_reranker,0.3597099118518292,0.1818181818181818,0.3,1.0,0.0599565815380821
nfcorpus,PLAIN-2051,hybrid_reranker,0.6083169141195838,0.1239436619718309,0.5,1.0,0.0674293714533735
nfcorpus,PLAIN-2061,hybrid_reranker,0.9216017310213246,0.1536585365853658,0.9,1.0,0.1327377812212953
nfcorpus,PLAIN-207,hybrid_reranker,0.6421867266689009,0.2545454545454545,0.5,1.0,0.150434128042294
nfcorpus,PLAIN-2071,hybrid_reranker,0.5103515512676446,0.3777777777777777,0.4,1.0,0.1783984015083383
nfcorpus,PLAIN-2081,hybrid_reranker,0.6309297535714575,1.0,0.1,0.5,0.5
nfcorpus,PLAIN-2092,hybrid_reranker,0.6489315753318465,0.5,0.5,1.0,0.5
nfcorpus,PLAIN-2102,hybrid_reranker,0.6843830725976618,0.1163895486935867,0.6,1.0,0.0732138381441269
nfcorpus,PLAIN-2113,hybrid_reranker,0.0,0.0,0.0,0.0,0.0
nfcorpus,PLAIN-2124,hybrid_reranker,0.721801830382049,0.6470588235294118,0.7,1.0,0.3672453250074733
nfcorpus,PLAIN-2134,hybrid_reranker,0.0,0.0833333333333333,0.0,0.0104166666666666,0.0008680555555555
nfcorpus,PLAIN-2145,hybrid_reranker,0.1482972305701491,0.1111111111111111,0.1,0.5,0.0555555555555555
nfcorpus,PLAIN-2156,hybrid_reranker,0.644824486427155,1.0,0.3,1.0,0.5913133528265108
nfcorpus,PLAIN-2167,hybrid_reranker,0.0,0.0,0.0,0.0,0.0
nfcorpus,PLAIN-217,hybrid_reranker,0.0,0.0277777777777777,0.0,0.02,0.0005555555555555
nfcorpus,PLAIN-2177,hybrid_reranker,0.4124497136428909,0.2083333333333333,0.4,0.5,0.1174145299145299
nfcorpus,PLAIN-2187,hybrid_reranker,0.2350455494144854,0.1111111111111111,0.1,1.0,0.1111111111111111
nfcorpus,PLAIN-2197,hybrid_reranker,0.8603818544462508,0.3103448275862069,0.8,1.0,0.2107526516252336
nfcorpus,PLAIN-2209,hybrid_reranker,0.0,0.0,0.0,0.0,0.0
nfcorpus,PLAIN-2220,hybrid_reranker,0.3362741576267856,0.2222222222222222,0.2,1.0,0.1666666666666666
nfcorpus,PLAIN-2230,hybrid_reranker,0.0,0.0,0.0,0.0,0.0
nfcorpus,PLAIN-2240,hybrid_reranker,0.5473983622993501,0.4545454545454545,0.4,1.0,0.3658008658008658
nfcorpus,PLAIN-2250,hybrid_reranker,0.0,1.0,0.0,0.0526315789473684,0.0463157894736842
nfcorpus,PLAIN-2261,hybrid_reranker,0.6901935063354874,0.1833333333333333,0.6,1.0,0.1025589779096193
nfcorpus,PLAIN-227,hybrid_reranker,0.0947883643695507,0.025,0.1,0.25,0.00625
nfcorpus,PLAIN-2271,hybrid_reranker,0.0,0.0,0.0,0.0,0.0
nfcorpus,PLAIN-2281,hybrid_reranker,0.0,0.0,0.0,0.0,0.0
nfcorpus,PLAIN-2291,hybrid_reranker,0.3391602052736161,0.4,0.1,1.0,0.2137931034482758
nfcorpus,PLAIN-23,hybrid_reranker,0.5350861838668725,0.1111111111111111,0.6,1.0,0.0609986772486772
nfcorpus,PLAIN-2301,hybrid_reranker,0.0,0.2307692307692307,0.0,0.0833333333333333,0.0169871794871794
nfcorpus,PLAIN-2311,hybrid_reranker,0.0,0.0,0.0,0.0,0.0
nfcorpus,PLAIN-2321,hybrid_reranker,0.0,0.0,0.0,0.0,0.0
nfcorpus,PLAIN-2332,hybrid_reranker,0.4193979998881981,0.268041237113402,0.4,1.0,0.1001528813311348
nfcorpus,PLAIN-2343,hybrid_reranker,0.0,0.0,0.0,0.0,0.0
nfcorpus,PLAIN-2354,hybrid_reranker,0.4522136070314881,0.4,0.2,1.0,0.2571428571428571
nfcorpus,PLAIN-2364,hybrid_reranker,0.0,0.0,0.0,0.0,0.0
nfcorpus,PLAIN-2375,hybrid_reranker,0.0,0.5,0.0,0.0172413793103448,0.0086206896551724
nfcorpus,PLAIN-238,hybrid_reranker,0.0783982689786753,0.037037037037037,0.1,0.1666666666666666,0.0038744418177042
nfcorpus,PLAIN-2386,hybrid_reranker,0.11004588314904,0.2631578947368421,0.1,0.3333333333333333,0.0440680857089525
nfcorpus,PLAIN-2396,hybrid_reranker,0.0,0.0,0.0,0.0,0.0
nfcorpus,PLAIN-2408,hybrid_reranker,0.0,0.4,0.0,0.0555555555555555,0.0161744022503516
nfcorpus,PLAIN-2430,hybrid_reranker,0.4768863151867779,0.217391304347826,0.4,1.0,0.0959360282574568
nfcorpus,PLAIN-2440,hybrid_reranker,0.0,0.0,0.0,0.0,0.0
nfcorpus,PLAIN-2450,hybrid_reranker,0.2489083270225946,0.1842105263157894,0.2,0.5,0.0583331515395284
nfcorpus,PLAIN-2460,hybrid_reranker,0.0830608056627429,0.2903225806451613,0.1,0.1,0.0531600323413823
nfcorpus,PLAIN-2470,hybrid_reranker,0.6464260278126969,0.2328767123287671,0.4,1.0,0.1040599345420682
nfcorpus,PLAIN-248,hybrid_reranker,0.2279382616777583,0.1935483870967742,0.3,0.2,0.0446244675343315
nfcorpus,PLAIN-2480,hybrid_reranker,0.2579104950986236,0.5,0.4,0.5,0.1737248476831809
nfcorpus,PLAIN-2490,hybrid_reranker,0.4722654229419503,0.3043478260869565,0.3,1.0,0.1397320628316832
nfcorpus,PLAIN-2500,hybrid_reranker,0.1256829249040715,0.7142857142857143,0.1,0.1,0.0700651689247127
nfcorpus,PLAIN-2510,hybrid_reranker,0.6393687023129448,0.5652173913043478,0.6,1.0,0.3314023295628682
nfcorpus,PLAIN-2520,hybrid_reranker,0.079813618934205,0.1232876712328767,0.3,0.25,0.0245916205512248
nfcorpus,PLAIN-2530,hybrid_reranker,0.955830517697074,0.3055555555555556,1.0,1.0,0.2685607597856988
nfcorpus,PLAIN-2540,hybrid_reranker,0.2109640213770539,0.5714285714285714,0.3,0.25,0.1546008327657944
nfcorpus,PLAIN-2550,hybrid_reranker,0.0809736157254556,0.32,0.1,0.1111111111111111,0.0376874554831234
nfcorpus,PLAIN-2560,hybrid_reranker,0.7885497208855956,0.6666666666666666,0.7,1.0,0.4754389129389131
nfcorpus,PLAIN-2570,hybrid_reranker,0.2335098821508827,0.15,0.2,0.5,0.031105244720935
nfcorpus,PLAIN-2580,hybrid_reranker,0.3974825117939154,0.1304347826086956,0.2,1.0,0.0771221532091097
nfcorpus,PLAIN-259,hybrid_reranker,0.3052348839397011,0.2142857142857142,0.2,1.0,0.1030181086519114
nfcorpus,PLAIN-2590,hybrid_reranker,0.0383066958380216,0.0952380952380952,0.1,0.3333333333333333,0.0180623973727422
nfcorpus,PLAIN-2600,hybrid_reranker,0.6742842692793479,0.4,0.4,1.0,0.3321428571428571
nfcorpus,PLAIN-2610,hybrid_reranker,0.3301584709880578,0.1147540983606557,0.4,0.5,0.0375647727962373
nfcorpus,PLAIN-2620,hybrid_reranker,0.0947883643695507,0.2909090909090909,0.1,0.25,0.0555007329013764
nfcorpus,PLAIN-2630,hybrid_reranker,0.7222954974312066,0.2916666666666667,0.6,1.0,0.1866906350831039
nfcorpus,PLAIN-2640,hybrid_reranker,0.573629413527966,0.5,0.9,1.0,0.3323903457699187
nfcorpus,PLAIN-2650,hybrid_reranker,0.5103515512676448,0.3793103448275862,0.4,1.0,0.1458014408110788
nfcorpus,PLAIN-2660,hybrid_reranker,0.2902597849695645,0.2962962962962963,0.3,0.5,0.0679104005457926
nfcorpus,PLAIN-2670,hybrid_reranker,0.3406992958233561,0.0857142857142857,0.1,1.0,0.0330039525691699
nfcorpus,PLAIN-2680,hybrid_reranker,0.2689885290230043,0.3571428571428571,0.1,1.0,0.11032056179115
nfcorpus,PLAIN-2690,hybrid_reranker,0.266379247589265,0.1162790697674418,0.2,1.0,0.0578972868217054
nfcorpus,PLAIN-270,hybrid_reranker,0.2200917662980801,0.25,0.1,1.0,0.0554776759177773
nfcorpus,PLAIN-2700,hybrid_reranker,0.2149573227557991,0.7,0.1,0.5,0.1148158624902837
nfcorpus,PLAIN-2710,hybrid_reranker,0.6402790376562015,0.2857142857142857,0.4,1.0,0.2059523809523809
nfcorpus,PLAIN-2720,hybrid_reranker,0.228260407973536,0.3055555555555556,0.3,0.5,0.0633395586005726
nfcorpus,PLAIN-2730,hybrid_reranker,0.4701055280300265,0.3448275862068966,0.5,0.5,0.1560655006486858
nfcorpus,PLAIN-2740,hybrid_reranker,0.6729624857611596,0.24,0.6,1.0,0.1263468229397022
nfcorpus,PLAIN-2750,hybrid_reranker,0.6374327145056929,0.2711864406779661,0.9,1.0,0.1971321235698037
nfcorpus,PLAIN-2760,hybrid_reranker,0.0,0.0,0.0,0.0,0.0
nfcorpus,PLAIN-2770,hybrid_reranker,0.2420388774395238,0.4146341463414634,0.3,0.25,0.1119056980526671
nfcorpus,PLAIN-2780,hybrid_reranker,0.4423923606997228,0.4545454545454545,0.5,1.0,0.273646044394477
nfcorpus,PLAIN-2790,hybrid_reranker,0.4902070227203253,0.1186440677966101,0.4,1.0,0.0709443099273607
nfcorpus,PLAIN-280,hybrid_reranker,0.2461857054655607,0.45,0.3,0.25,0.1029414458090928
nfcorpus,PLAIN-2800,hybrid_reranker,0.1403067223025013,0.125,0.2,0.125,0.0153532608695652
nfcorpus,PLAIN-2810,hybrid_reranker,0.0,0.5,0.0,0.0714285714285714,0.0342134717134717
nfcorpus,PLAIN-2820,hybrid_reranker,0.0,0.125,0.0,0.0161290322580645,0.002016129032258
nfcorpus,PLAIN-2830,hybrid_reranker,0.3127697035039474,1.0,0.1,0.25,0.1093117408906882
nfcorpus,PLAIN-2840,hybrid_reranker,0.0,0.0,0.0,0.0,0.0
nfcorpus,PLAIN-2850,hybrid_reranker,0.0,0.3333333333333333,0.0,0.0909090909090909,0.0256459668224374
nfcorpus,PLAIN-2860,hybrid_reranker,1.0,1.0,0.2,1.0,1.0
nfcorpus,PLAIN-2870,hybrid_reranker,0.0,0.2,0.0,0.0833333333333333,0.0166666666666666
nfcorpus,PLAIN-2880,hybrid_reranker,0.0,0.0588235294117647,0.0,0.0212765957446808,0.0012515644555694
nfcorpus,PLAIN-2890,hybrid_reranker,0.1380120421213716,0.0344827586206896,0.1,0.1111111111111111,0.003831417624521
nfcorpus,PLAIN-2900,hybrid_reranker,0.0,0.0833333333333333,0.0,0.04,0.0033333333333333
nfcorpus,PLAIN-291,hybrid_reranker,0.3589542101716347,0.4615384615384615,0.2,1.0,0.1876802055506448
nfcorpus,PLAIN-2910,hybrid_reranker,0.1921741843381574,0.0666666666666666,0.1,0.3333333333333333,0.0222222222222222
nfcorpus,PLAIN-2920,hybrid_reranker,0.0,0.1428571428571428,0.0,0.027027027027027,0.0038610038610038
nfcorpus,PLAIN-2930,hybrid_reranker,0.5242829446207239,0.4285714285714285,0.2,1.0,0.1265962543243248
nfcorpus,PLAIN-2940,hybrid_reranker,0.0,0.0,0.0,0.0,0.0
nfcorpus,PLAIN-2950,hybrid_reranker,0.0,0.0,0.0,0.0,0.0
nfcorpus,PLAIN-2960,hybrid_reranker,0.3558398982930782,0.5,0.1,0.25,0.125
nfcorpus,PLAIN-2970,hybrid_reranker,0.3026286548261086,0.1111111111111111,0.1,0.5,0.0555555555555555
nfcorpus,PLAIN-2981,hybrid_reranker,0.5321036168710065,0.2857142857142857,0.1,1.0,0.1666666666666666
nfcorpus,PLAIN-2991,hybrid_reranker,0.3868528072345416,0.5,0.1,0.5,0.25
nfcorpus,PLAIN-3001,hybrid_reranker,0.3065735963827292,0.5,0.1,0.3333333333333333,0.1666666666666666
nfcorpus,PLAIN-3014,hybrid_reranker,0.0,0.0,0.0,0.0,0.0
nfcorpus,PLAIN-3026,hybrid_reranker,0.6309297535714574,1.0,0.1,0.5,0.5
nfcorpus,PLAIN-3037,hybrid_reranker,0.0,0.0,0.0,0.0,0.0
nfcorpus,PLAIN-3053,hybrid_reranker,0.7653606369886218,0.6666666666666666,0.2,1.0,0.6666666666666666
nfcorpus,PLAIN-3063,hybrid_reranker,0.0,0.0,0.0,0.0,0.0
nfcorpus,PLAIN-307,hybrid_reranker,0.7653606369886218,1.0,0.2,1.0,0.7575757575757575
nfcorpus,PLAIN-3074,hybrid_reranker,1.0,1.0,0.1,1.0,1.0
nfcorpus,PLAIN-3085,hybrid_reranker,0.1772392867840477,1.0,0.1,0.1,0.1166666666666666
nfcorpus,PLAIN-3097,hybrid_reranker,0.7727357110059825,0.5,0.2,1.0,0.4166666666666666
nfcorpus,PLAIN-3116,hybrid_reranker,0.0,0.0,0.0,0.0,0.0
nfcorpus,PLAIN-3131,hybrid_reranker,0.5947247271913179,0.3333333333333333,0.2,1.0,0.2777777777777777
nfcorpus,PLAIN-3141,hybrid_reranker,0.0,0.1764705882352941,0.0,0.0833333333333333,0.0147544907795481
nfcorpus,PLAIN-3151,hybrid_reranker,0.43184890133315,0.6111111111111112,0.5,0.3333333333333333,0.248617661848656
nfcorpus,PLAIN-3161,hybrid_reranker,0.5508515345956432,0.3720930232558139,0.3,1.0,0.1176594308147407
nfcorpus,PLAIN-3171,hybrid_reranker,0.0,0.2058823529411764,0.0,0.04,0.0153544554029156
nfcorpus,PLAIN-3181,hybrid_reranker,0.0694312219367772,0.1111111111111111,0.1,0.125,0.0119782480893592
nfcorpus,PLAIN-3191,hybrid_reranker,0.2829754821572434,0.5625,0.4,0.3333333333333333,0.1539575096726752
nfcorpus,PLAIN-320,hybrid_reranker,0.0,0.2142857142857142,0.0,0.0357142857142857,0.0161279813006729
nfcorpus,PLAIN-3201,hybrid_reranker,0.4584660801557625,0.125,0.1,1.0,0.0441277472527472
nfcorpus,PLAIN-3211,hybrid_reranker,0.0,0.0,0.0,0.0,0.0
nfcorpus,PLAIN-3221,hybrid_reranker,0.0,0.1666666666666666,0.0,0.0344827586206896,0.0080006280643462
nfcorpus,PLAIN-3231,hybrid_reranker,0.0,0.75,0.0,0.0625,0.0740879140402916
nfcorpus,PLAIN-3241,hybrid_reranker,0.2892598909735473,0.0344827586206896,0.1,0.5,0.0172413793103448
nfcorpus,PLAIN-3251,hybrid_reranker,0.2416260660058402,0.1428571428571428,0.2,0.25,0.0289473684210526
nfcorpus,PLAIN-3261,hybrid_reranker,0.1467312000632317,0.1538461538461538,0.1,0.25,0.0236263736263736
nfcorpus,PLAIN-3271,hybrid_reranker,0.0636207881989517,0.0816326530612244,0.1,0.1,0.0056054015119082
nfcorpus,PLAIN-3281,hybrid_reranker,0.2852021958319073,0.0769230769230769,0.2,0.5,0.0302197802197802
nfcorpus,PLAIN-3292,hybrid_reranker,0.6635893260732578,0.8571428571428571,0.6,1.0,0.6375850340136056
nfcorpus,PLAIN-33,hybrid_reranker,0.4920847063607357,0.25,0.4,1.0,0.1536189862542955
nfcorpus,PLAIN-3302,hybrid_reranker,0.0,0.3243243243243243,0.0,0.0666666666666666,0.040472978399125
nfcorpus,PLAIN-3312,hybrid_reranker,0.2300291899706391,0.6923076923076923,0.5,0.5,0.2760702154532857
nfcorpus,PLAIN-332,hybrid_reranker,0.3868528072345416,0.5,0.1,0.5,0.25
nfcorpus,PLAIN-3322,hybrid_reranker,0.3811343541220199,0.1139240506329113,0.3,1.0,0.0335129081556194
nfcorpus,PLAIN-3332,hybrid_reranker,0.6029887628263415,0.7857142857142857,0.6,1.0,0.5253401360544218
nfcorpus,PLAIN-3342,hybrid_reranker,0.7653606369886218,1.0,0.2,1.0,0.6805555555555555
nfcorpus,PLAIN-3352,hybrid_reranker,0.0,0.1794871794871795,0.0,0.0333333333333333,0.0112401295774955
nfcorpus,PLAIN-3362,hybrid_reranker,0.6138668878996102,0.2727272727272727,0.3,1.0,0.2363636363636363
nfcorpus,PLAIN-3372,hybrid_reranker,0.1446299454867736,0.1428571428571428,0.1,0.125,0.0104984301412872
nfcorpus,PLAIN-3382,hybrid_reranker,0.4581366666420519,0.6428571428571429,0.5,1.0,0.3235488457678153
nfcorpus,PLAIN-3392,hybrid_reranker,0.0,0.0869565217391304,0.0,0.0303030303030303,0.0036058525761042
nfcorpus,PLAIN-3402,hybrid_reranker,0.0,0.0714285714285714,0.0,0.0769230769230769,0.0054945054945054
nfcorpus,PLAIN-3412,hybrid_reranker,0.1281161228921049,0.1428571428571428,0.1,1.0,0.0358009051476803
nfcorpus,PLAIN-3422,hybrid_reranker,0.0506751008319032,0.6129032258064516,0.1,0.5,0.1571791731828778
nfcorpus,PLAIN-3432,hybrid_reranker,0.3679212572135327,0.2142857142857142,0.3,1.0,0.0690461063581364
nfcorpus,PLAIN-344,hybrid_reranker,0.101681776904608,0.1147540983606557,0.2,0.5,0.0261714939016111
nfcorpus,PLAIN-3442,hybrid_reranker,0.0344823830193895,0.0689655172413793,0.1,0.1428571428571428,0.0066502463054187
nfcorpus,PLAIN-3452,hybrid_reranker,0.569919335154857,0.4117647058823529,0.4,1.0,0.2574971164936562
nfcorpus,PLAIN-3462,hybrid_reranker,0.571614567891588,0.453125,0.7,0.3333333333333333,0.1994476429957771
nfcorpus,PLAIN-3472,hybrid_reranker,0.0,0.2352941176470588,0.0,0.0227272727272727,0.0089237693510005
nfcorpus,PLAIN-358,hybrid_reranker,0.0,0.0,0.0,0.0,0.0
nfcorpus,PLAIN-371,hybrid_reranker,0.2754115523761866,1.0,0.1,1.0,0.5454545454545454
nfcorpus,PLAIN-383,hybrid_reranker,0.169580102636808,0.2,0.1,0.3333333333333333,0.0666666666666666
nfcorpus,PLAIN-395,hybrid_reranker,0.0,0.0,0.0,0.0,0.0
nfcorpus,PLAIN-407,hybrid_reranker,0.7262287617954056,0.6666666666666666,0.1,1.0,0.3469387755102041
nfcorpus,PLAIN-418,hybrid_reranker,0.6291344046077069,1.0,0.2,0.5,0.4174603174603173
nfcorpus,PLAIN-430,hybrid_reranker,0.5746536518575828,0.625,0.3,1.0,0.3040307548928238
nfcorpus,PLAIN-44,hybrid_reranker,0.3036748515451508,0.2068965517241379,0.2,1.0,0.0526621557921962
nfcorpus,PLAIN-441,hybrid_reranker,0.9268916955412094,1.0,0.5,1.0,0.9428571428571428
nfcorpus,PLAIN-457,hybrid_reranker,0.0,0.0,0.0,0.0,0.0
nfcorpus,PLAIN-468,hybrid_reranker,0.3032757787751398,0.7,0.2,0.3333333333333333,0.0967897846316124
nfcorpus,PLAIN-478,hybrid_reranker,0.0,0.0,0.0,0.0,0.0
nfcorpus,PLAIN-488,hybrid_reranker,0.936379211801048,0.7333333333333333,0.9,1.0,0.701388888888889
nfcorpus,PLAIN-499,hybrid_reranker,0.4000232483092519,0.1470588235294117,0.3,1.0,0.0749886000911992
nfcorpus,PLAIN-510,hybrid_reranker,0.0,0.1666666666666666,0.0,0.0344827586206896,0.0057471264367816
nfcorpus,PLAIN-520,hybrid_reranker,0.0,0.0,0.0,0.0,0.0
nfcorpus,PLAIN-531,hybrid_reranker,0.158507039740981,0.1038961038961039,0.2,0.2,0.0385512131197192
nfcorpus,PLAIN-541,hybrid_reranker,0.3026024134988135,0.5,0.1,1.0,0.2154761904761904
nfcorpus,PLAIN-551,hybrid_reranker,0.0,0.0,0.0,0.0,0.0
nfcorpus,PLAIN-56,hybrid_reranker,0.5744779854749299,0.14,0.4,1.0,0.0892844129554655
nfcorpus,PLAIN-561,hybrid_reranker,0.3589542101716347,0.12,0.2,1.0,0.0815
nfcorpus,PLAIN-571,hybrid_reranker,0.3932591258696538,0.4285714285714285,0.2,1.0,0.2196428571428571
nfcorpus,PLAIN-583,hybrid_reranker,0.2200917662980801,0.0227272727272727,0.1,1.0,0.0227272727272727
nfcorpus,PLAIN-593,hybrid_reranker,0.4692787260227564,0.3333333333333333,0.1,1.0,0.3333333333333333
nfcorpus,PLAIN-603,hybrid_reranker,0.0,0.0,0.0,0.0,0.0
nfcorpus,PLAIN-613,hybrid_reranker,0.2200917662980801,0.2,0.1,1.0,0.102127659574468
nfcorpus,PLAIN-623,hybrid_reranker,0.2489083270225946,0.1463414634146341,0.2,0.5,0.0421973292131111
nfcorpus,PLAIN-634,hybrid_reranker,0.3589542101716347,0.1904761904761904,0.2,1.0,0.1043357101876895
nfcorpus,PLAIN-645,hybrid_reranker,0.0,0.0689655172413793,0.0,0.0294117647058823,0.0019994204578383
nfcorpus,PLAIN-660,hybrid_reranker,1.0,0.0989473684210526,1.0,1.0,0.0757010406944561
nfcorpus,PLAIN-671,hybrid_reranker,1.0,1.0,0.1,1.0,1.0
nfcorpus,PLAIN-68,hybrid_reranker,0.5175857101991203,0.2,0.2,1.0,0.0548835417184412
nfcorpus,PLAIN-681,hybrid_reranker,1.0,1.0,0.1,1.0,1.0
nfcorpus,PLAIN-691,hybrid_reranker,0.0,0.1428571428571428,0.0,0.0188679245283018,0.0035767721560024
nfcorpus,PLAIN-701,hybrid_reranker,0.4125317798925535,0.625,0.2,1.0,0.2715391110712578
nfcorpus,PLAIN-711,hybrid_reranker,0.3301376494471202,0.0701754385964912,0.2,1.0,0.0326675663517768
nfcorpus,PLAIN-721,hybrid_reranker,1.0,0.68,1.0,1.0,0.6777777777777777
nfcorpus,PLAIN-731,hybrid_reranker,0.8572048559638626,0.4259259259259259,0.8,1.0,0.2665480826069317
nfcorpus,PLAIN-741,hybrid_reranker,0.5708588662113934,0.4210526315789473,0.6,0.5,0.2445578231292517
nfcorpus,PLAIN-751,hybrid_reranker,0.0,0.0,0.0,0.0,0.0
nfcorpus,PLAIN-761,hybrid_reranker,0.1513012067494067,0.1666666666666666,0.1,0.3333333333333333,0.0555555555555555
nfcorpus,PLAIN-771,hybrid_reranker,0.7653606369886217,1.0,0.2,1.0,0.6766666666666666
nfcorpus,PLAIN-78,hybrid_reranker,0.2593757093377011,0.064516129032258,0.2,1.0,0.0343321124398746
nfcorpus,PLAIN-782,hybrid_reranker,0.0,0.0,0.0,0.0,0.0
nfcorpus,PLAIN-792,hybrid_reranker,0.4935232796777482,0.3333333333333333,0.2,1.0,0.3333333333333333
nfcorpus,PLAIN-806,hybrid_reranker,0.936379211801048,0.2708333333333333,0.9,1.0,0.2011771508428054
nfcorpus,PLAIN-817,hybrid_reranker,0.0,0.0,0.0,0.0,0.0
nfcorpus,PLAIN-827,hybrid_reranker,0.5114531979843772,0.1721311475409836,0.6,0.5,0.0932141476809273
nfcorpus,PLAIN-838,hybrid_reranker,0.7767471075223498,0.7777777777777778,0.6,1.0,0.6744444444444445
nfcorpus,PLAIN-850,hybrid_reranker,0.6489315753318465,0.1403508771929824,0.5,1.0,0.0997506636604381
nfcorpus,PLAIN-872,hybrid_reranker,0.0,0.0,0.0,0.0,0.0
nfcorpus,PLAIN-882,hybrid_reranker,0.2863459897524692,0.6,0.2,1.0,0.1802449837743955
nfcorpus,PLAIN-892,hybrid_reranker,0.7116179486056782,0.0978260869565217,0.6,1.0,0.0645648972671424
nfcorpus,PLAIN-902,hybrid_reranker,0.5855700749881525,0.5,0.2,1.0,0.4166666666666666
nfcorpus,PLAIN-91,hybrid_reranker,0.3918203233882117,0.15625,0.4,1.0,0.0621164513904332
nfcorpus,PLAIN-913,hybrid_reranker,0.8006937664098819,0.4411764705882353,0.7,1.0,0.3142520242930819
nfcorpus,PLAIN-924,hybrid_reranker,0.5212960629027199,0.40625,0.5,1.0,0.1702490615814986
nfcorpus,PLAIN-934,hybrid_reranker,0.5747915663739762,0.396039603960396,0.7,0.3333333333333333,0.2524906512639726
nfcorpus,PLAIN-946,hybrid_reranker,0.1388624438735545,0.0967741935483871,0.1,0.5,0.0196812596006144
nfcorpus,PLAIN-956,hybrid_reranker,0.5181001594748443,0.1893203883495145,0.6,0.5,0.0898708938840388
nfcorpus,PLAIN-966,hybrid_reranker,0.0,0.3333333333333333,0.0,0.0133333333333333,0.0044444444444444
nfcorpus,PLAIN-977,hybrid_reranker,0.1671604549662022,0.3333333333333333,0.1,0.1666666666666666,0.0555555555555555
nfcorpus,PLAIN-987,hybrid_reranker,0.0,0.0,0.0,0.0,0.0
nfcorpus,PLAIN-997,hybrid_reranker,0.0,0.0,0.0,0.0,0.0
scifact,1,bm25,0.0,0.0,0.0,0.0,0.0
scifact,100,bm25,1.0,1.0,0.1,1.0,1.0
scifact,1012,bm25,1.0,1.0,0.1,1.0,1.0
scifact,1014,bm25,1.0,1.0,0.1,1.0,1.0
scifact,1019,bm25,0.6309297535714575,1.0,0.1,0.5,0.5
scifact,1020,bm25,0.6309297535714575,1.0,0.1,0.5,0.5
scifact,1021,bm25,0.6309297535714575,1.0,0.1,0.5,0.5
scifact,1024,bm25,1.0,1.0,0.1,1.0,1.0
scifact,1029,bm25,0.9010126104210696,1.0,0.3,1.0,0.7666666666666666
scifact,1041,bm25,0.4413074093566386,1.0,0.2,0.25,0.225
scifact,1049,bm25,0.0,0.0,0.0,0.0,0.0
scifact,1062,bm25,1.0,1.0,0.1,1.0,1.0
scifact,1086,bm25,1.0,1.0,0.1,1.0,1.0
scifact,1088,bm25,0.0,0.0,0.0,0.0,0.0
scifact,1089,bm25,1.0,1.0,0.1,1.0,1.0
scifact,1099,bm25,0.5,1.0,0.1,0.3333333333333333,0.3333333333333333
scifact,1100,bm25,0.6309297535714575,1.0,0.1,0.5,0.5
scifact,1104,bm25,1.0,1.0,0.1,1.0,1.0
scifact,1107,bm25,1.0,1.0,0.1,1.0,1.0
scifact,1110,bm25,0.0,0.0,0.0,0.0,0.0
scifact,1121,bm25,0.6309297535714575,1.0,0.1,0.5,0.5
scifact,113,bm25,1.0,1.0,0.1,1.0,1.0
scifact,1130,bm25,1.0,1.0,0.1,1.0,1.0
scifact,1132,bm25,0.2184074368181641,1.0,0.1,0.1666666666666666,0.1136363636363636
scifact,1137,bm25,1.0,1.0,0.1,1.0,1.0
scifact,1140,bm25,0.3154648767857287,1.0,0.1,0.125,0.125
scifact,1144,bm25,1.0,1.0,0.1,1.0,1.0
scifact,1146,bm25,1.0,1.0,0.1,1.0,1.0
scifact,115,bm25,1.0,1.0,0.1,1.0,1.0
scifact,1150,bm25,1.0,1.0,0.1,1.0,1.0
scifact,1163,bm25,1.0,1.0,0.1,1.0,1.0
scifact,1175,bm25,0.0,1.0,0.0,0.0163934426229508,0.0163934426229508
scifact,1179,bm25,0.2890648263178879,1.0,0.1,0.1,0.1
scifact,118,bm25,1.0,1.0,0.1,1.0,1.0
scifact,1180,bm25,0.3868528072345416,1.0,0.1,0.2,0.2
scifact,1185,bm25,1.0,1.0,0.1,1.0,1.0
scifact,1187,bm25,1.0,1.0,0.1,1.0,1.0
scifact,1191,bm25,0.0,0.0,0.0,0.0,0.0
scifact,1194,bm25,0.3562071871080222,1.0,0.1,0.1666666666666666,0.1666666666666666
scifact,1196,bm25,0.0,1.0,0.0,0.01,0.01
scifact,1197,bm25,0.0,0.0,0.0,0.0,0.0
scifact,1199,bm25,0.0,0.0,0.0,0.0,0.0
scifact,1200,bm25,0.0,0.0,0.0,0.0,0.0
scifact,1202,bm25,1.0,1.0,0.1,1.0,1.0
scifact,1204,bm25,1.0,1.0,0.1,1.0,1.0
scifact,1207,bm25,1.0,1.0,0.1,1.0,1.0
scifact,1213,bm25,0.0,0.0,0.0,0.0,0.0
scifact,1216,bm25,1.0,1.0,0.1,1.0,1.0
scifact,1221,bm25,0.0,0.0,0.0,0.0,0.0
scifact,1225,bm25,1.0,1.0,0.1,1.0,1.0
scifact,1226,bm25,0.0,1.0,0.0,0.0112359550561797,0.0112359550561797
scifact,1232,bm25,1.0,1.0,0.1,1.0,1.0
scifact,124,bm25,1.0,1.0,0.1,1.0,1.0
scifact,1241,bm25,0.0,0.0,0.0,0.0,0.0
scifact,1245,bm25,0.0,1.0,0.0,0.0625,0.0625
scifact,1259,bm25,0.6309297535714575,1.0,0.1,0.5,0.5
scifact,1262,bm25,1.0,1.0,0.1,1.0,1.0
scifact,1266,bm25,0.6309297535714575,1.0,0.1,0.5,0.5
scifact,127,bm25,0.6309297535714575,1.0,0.1,0.5,0.5
scifact,1270,bm25,1.0,1.0,0.1,1.0,1.0
scifact,1271,bm25,1.0,1.0,0.1,1.0,1.0
scifact,1272,bm25,0.430676558073393,1.0,0.1,0.25,0.25
scifact,1273,bm25,1.0,1.0,0.1,1.0,1.0
scifact,1274,bm25,0.6447841584694202,1.0,0.3,0.5,0.4666666666666666
scifact,1278,bm25,0.0,0.0,0.0,0.0,0.0
scifact,1279,bm25,0.0,0.0,0.0,0.0,0.0
scifact,128,bm25,0.5,1.0,0.1,0.3333333333333333,0.3333333333333333
scifact,1280,bm25,0.0,1.0,0.0,0.0357142857142857,0.0357142857142857
scifact,1281,bm25,0.0,0.0,0.0,0.0,0.0
scifact,1282,bm25,1.0,1.0,0.1,1.0,1.0
scifact,129,bm25,1.0,1.0,0.1,1.0,1.0
scifact,1290,bm25,1.0,1.0,0.1,1.0,1.0
scifact,1292,bm25,1.0,1.0,0.1,1.0,1.0
scifact,1298,bm25,1.0,1.0,0.1,1.0,1.0
scifact,13,bm25,0.0,1.0,0.0,0.0106382978723404,0.0106382978723404
scifact,130,bm25,1.0,1.0,0.1,1.0,1.0
scifact,1303,bm25,1.0,1.0,0.1,1.0,1.0
scifact,1316,bm25,0.0,1.0,0.0,0.037037037037037,0.037037037037037
scifact,1319,bm25,0.3868528072345416,1.0,0.1,0.2,0.2
scifact,132,bm25,0.0,0.0,0.0,0.0,0.0
scifact,1320,bm25,1.0,1.0,0.1,1.0,1.0
scifact,133,bm25,0.4412576003965278,0.8,0.2,1.0,0.305015873015873
scifact,1332,bm25,0.0,0.0,0.0,0.0,0.0
scifact,1335,bm25,1.0,1.0,0.1,1.0,1.0
scifact,1336,bm25,1.0,1.0,0.1,1.0,1.0
scifact,1337,bm25,1.0,1.0,0.1,1.0,1.0
scifact,1339,bm25,1.0,1.0,0.1,1.0,1.0
scifact,1344,bm25,1.0,1.0,0.1,1.0,1.0
scifact,1352,bm25,1.0,1.0,0.1,1.0,1.0
scifact,1359,bm25,1.0,1.0,0.1,1.0,1.0
scifact,1362,bm25,0.5,1.0,0.1,0.3333333333333333,0.3333333333333333
scifact,1363,bm25,1.0,1.0,0.1,1.0,1.0
scifact,1368,bm25,0.0,1.0,0.0,0.0476190476190476,0.0476190476190476
scifact,137,bm25,1.0,1.0,0.1,1.0,1.0
scifact,1370,bm25,0.3868528072345416,1.0,0.1,0.2,0.2
scifact,1379,bm25,0.3973220069685352,1.0,0.2,0.5,0.3259615384615384
scifact,1382,bm25,0.0,1.0,0.0,0.0714285714285714,0.0714285714285714
scifact,1385,bm25,1.0,1.0,0.1,1.0,1.0
scifact,1389,bm25,1.0,1.0,0.1,1.0,1.0
scifact,1395,bm25,0.0,1.0,0.0,0.04,0.04
scifact,141,bm25,1.0,1.0,0.2,1.0,1.0
scifact,142,bm25,1.0,1.0,0.1,1.0,1.0
scifact,143,bm25,1.0,1.0,0.1,1.0,1.0
scifact,146,bm25,1.0,1.0,0.1,1.0,1.0
scifact,148,bm25,1.0,1.0,0.1,1.0,1.0
scifact,163,bm25,1.0,1.0,0.1,1.0,1.0
scifact,171,bm25,1.0,1.0,0.1,1.0,1.0
scifact,179,bm25,0.6984152163370878,1.0,0.3,1.0,0.5089080459770114
scifact,180,bm25,1.0,1.0,0.1,1.0,1.0
scifact,183,bm25,0.0,1.0,0.0,0.0909090909090909,0.0909090909090909
scifact,185,bm25,0.6309297535714575,1.0,0.1,0.5,0.5
scifact,198,bm25,0.6309297535714575,1.0,0.1,0.5,0.5
scifact,208,bm25,1.0,1.0,0.1,1.0,1.0
scifact,212,bm25,0.5,1.0,0.1,0.3333333333333333,0.3333333333333333
scifact,213,bm25,0.3562071871080222,1.0,0.1,0.1666666666666666,0.1666666666666666
scifact,216,bm25,1.0,1.0,0.1,1.0,1.0
scifact,217,bm25,1.0,1.0,0.1,1.0,1.0
scifact,218,bm25,1.0,1.0,0.1,1.0,1.0
scifact,219,bm25,1.0,1.0,0.1,1.0,1.0
scifact,230,bm25,1.0,1.0,0.1,1.0,1.0
scifact,232,bm25,0.6309297535714575,1.0,0.1,0.5,0.5
scifact,233,bm25,1.0,1.0,0.1,1.0,1.0
scifact,236,bm25,1.0,1.0,0.1,1.0,1.0
scifact,237,bm25,1.0,1.0,0.1,1.0,1.0
scifact,238,bm25,0.0,1.0,0.0,0.0454545454545454,0.0454545454545454
scifact,239,bm25,0.0,0.0,0.0,0.0,0.0
scifact,248,bm25,1.0,1.0,0.1,1.0,1.0
scifact,249,bm25,0.6309297535714575,1.0,0.1,0.5,0.5
scifact,261,bm25,0.2371977127692962,0.5,0.1,0.2,0.1
scifact,268,bm25,0.6309297535714575,1.0,0.1,0.5,0.5
scifact,269,bm25,0.6309297535714575,1.0,0.1,0.5,0.5
scifact,274,bm25,1.0,1.0,0.1,1.0,1.0
scifact,275,bm25,0.4692787260227564,0.6666666666666666,0.1,1.0,0.3684210526315789
scifact,279,bm25,1.0,1.0,0.1,1.0,1.0
scifact,294,bm25,1.0,1.0,0.1,1.0,1.0
scifact,295,bm25,1.0,1.0,0.1,1.0,1.0
scifact,298,bm25,1.0,1.0,0.1,1.0,1.0
scifact,3,bm25,1.0,1.0,0.1,1.0,1.0
scifact,300,bm25,0.430676558073393,1.0,0.1,0.25,0.25
scifact,303,bm25,0.6309297535714575,1.0,0.1,0.5,0.5
scifact,312,bm25,0.3868528072345416,1.0,0.1,0.2,0.2
scifact,314,bm25,0.5,1.0,0.1,0.3333333333333333,0.3333333333333333
scifact,324,bm25,0.430676558073393,1.0,0.1,0.25,0.25
scifact,327,bm25,1.0,1.0,0.1,1.0,1.0
scifact,338,bm25,1.0,1.0,0.1,1.0,1.0
scifact,343,bm25,0.6509209298071326,1.0,0.2,0.5,0.5
scifact,350,bm25,1.0,1.0,0.1,1.0,1.0
scifact,354,bm25,1.0,1.0,0.1,1.0,1.0
scifact,36,bm25,0.2184074368181641,1.0,0.1,0.1666666666666666,0.1127450980392156
scifact,362,bm25,1.0,1.0,0.1,1.0,1.0
scifact,380,bm25,1.0,1.0,0.1,1.0,1.0
scifact,384,bm25,0.0,1.0,0.0,0.0588235294117647,0.0588235294117647
scifact,385,bm25,0.4838128831667769,1.0,0.2,0.3333333333333333,0.2666666666666666
scifact,386,bm25,1.0,1.0,0.1,1.0,1.0
scifact,388,bm25,0.5,1.0,0.1,0.3333333333333333,0.3333333333333333
scifact,399,bm25,1.0,1.0,0.1,1.0,1.0
scifact,410,bm25,1.0,1.0,0.1,1.0,1.0
scifact,411,bm25,1.0,1.0,0.1,1.0,1.0
scifact,415,bm25,0.3562071871080222,1.0,0.1,0.1666666666666666,0.1666666666666666
scifact,42,bm25,0.6309297535714575,1.0,0.1,0.5,0.5
scifact,421,bm25,0.0,0.0,0.0,0.0,0.0
scifact,431,bm25,0.0,0.0,0.0,0.0,0.0
scifact,436,bm25,1.0,1.0,0.1,1.0,1.0
scifact,437,bm25,0.0,0.0,0.0,0.0,0.0
scifact,439,bm25,0.6309297535714575,1.0,0.1,0.5,0.5
scifact,440,bm25,0.6309297535714575,1.0,0.1,0.5,0.5
scifact,443,bm25,1.0,1.0,0.1,1.0,1.0
scifact,452,bm25,0.2184074368181641,0.5,0.1,0.1666666666666666,0.0833333333333333
scifact,475,bm25,0.0,1.0,0.0,0.0909090909090909,0.0909090909090909
scifact,478,bm25,0.6309297535714575,1.0,0.1,0.5,0.5
scifact,48,bm25,0.6309297535714575,1.0,0.1,0.5,0.5
scifact,49,bm25,1.0,1.0,0.1,1.0,1.0
scifact,491,bm25,1.0,1.0,0.1,1.0,1.0
scifact,5,bm25,1.0,1.0,0.1,1.0,1.0
scifact,50,bm25,1.0,1.0,0.1,1.0,1.0
scifact,501,bm25,1.0,1.0,0.1,1.0,1.0
scifact,502,bm25,0.0,0.0,0.0,0.0,0.0
scifact,507,bm25,1.0,1.0,0.1,1.0,1.0
scifact,508,bm25,0.0,1.0,0.0,0.0212765957446808,0.0212765957446808
scifact,51,bm25,1.0,1.0,0.1,1.0,1.0
scifact,513,bm25,1.0,1.0,0.1,1.0,1.0
scifact,514,bm25,0.0,1.0,0.0,0.0833333333333333,0.0833333333333333
scifact,516,bm25,1.0,1.0,0.1,1.0,1.0
scifact,517,bm25,0.0,1.0,0.0,0.0357142857142857,0.0357142857142857
scifact,521,bm25,1.0,1.0,0.1,1.0,1.0
scifact,525,bm25,1.0,1.0,0.1,1.0,1.0
scifact,527,bm25,0.6309297535714575,1.0,0.1,0.5,0.5
scifact,528,bm25,1.0,1.0,0.1,1.0,1.0
scifact,53,bm25,1.0,1.0,0.1,1.0,1.0
scifact,532,bm25,1.0,1.0,0.1,1.0,1.0
scifact,533,bm25,1.0,1.0,0.1,1.0,1.0
scifact,535,bm25,0.0,0.0,0.0,0.0,0.0
scifact,536,bm25,1.0,1.0,0.1,1.0,1.0
scifact,539,bm25,1.0,1.0,0.1,1.0,1.0
scifact,54,bm25,0.3010299956639812,1.0,0.1,0.1111111111111111,0.1111111111111111
scifact,540,bm25,0.2184074368181641,1.0,0.1,0.1666666666666666,0.1041666666666666
scifact,544,bm25,0.0,1.0,0.0,0.0333333333333333,0.0333333333333333
scifact,549,bm25,1.0,1.0,0.1,1.0,1.0
scifact,551,bm25,0.3333333333333333,1.0,0.1,0.1428571428571428,0.1428571428571428
scifact,552,bm25,1.0,1.0,0.1,1.0,1.0
scifact,554,bm25,0.3333333333333333,1.0,0.1,0.1428571428571428,0.1428571428571428
scifact,56,bm25,1.0,1.0,0.1,1.0,1.0
scifact,560,bm25,0.0,0.0,0.0,0.0,0.0
scifact,569,bm25,1.0,1.0,0.1,1.0,1.0
scifact,57,bm25,1.0,1.0,0.1,1.0,1.0
scifact,575,bm25,0.0,1.0,0.0,0.0666666666666666,0.0666666666666666
scifact,577,bm25,0.0,0.0,0.0,0.0,0.0
scifact,578,bm25,1.0,1.0,0.1,1.0,1.0
scifact,587,bm25,0.3562071871080222,1.0,0.1,0.1666666666666666,0.1666666666666666
scifact,589,bm25,1.0,1.0,0.1,1.0,1.0
scifact,593,bm25,1.0,1.0,0.1,1.0,1.0
scifact,597,bm25,0.9217868789962071,1.0,0.3,1.0,0.8095238095238094
scifact,598,bm25,0.3562071871080222,1.0,0.1,0.1666666666666666,0.1666666666666666
scifact,613,bm25,1.0,1.0,0.1,1.0,1.0
scifact,619,bm25,0.2184074368181641,0.5,0.1,0.1666666666666666,0.0833333333333333
scifact,623,bm25,0.0,1.0,0.0,0.0454545454545454,0.0454545454545454
scifact,628,bm25,1.0,1.0,0.1,1.0,1.0
scifact,636,bm25,0.5,1.0,0.1,0.3333333333333333,0.3333333333333333
scifact,637,bm25,0.3562071871080222,1.0,0.1,0.1666666666666666,0.1666666666666666
scifact,641,bm25,0.6131471927654584,1.0,0.1,1.0,0.5666666666666667
scifact,644,bm25,0.6309297535714575,1.0,0.1,0.5,0.5
scifact,649,bm25,1.0,1.0,0.1,1.0,1.0
scifact,659,bm25,1.0,1.0,0.1,1.0,1.0
scifact,660,bm25,1.0,1.0,0.1,1.0,1.0
scifact,674,bm25,1.0,1.0,0.1,1.0,1.0
scifact,684,bm25,1.0,1.0,0.1,1.0,1.0
scifact,690,bm25,0.0,1.0,0.0,0.0625,0.0625
scifact,691,bm25,1.0,1.0,0.1,1.0,1.0
scifact,692,bm25,1.0,1.0,0.1,1.0,1.0
scifact,693,bm25,1.0,1.0,0.1,1.0,1.0
scifact,70,bm25,1.0,1.0,0.2,1.0,1.0
scifact,700,bm25,0.6309297535714575,1.0,0.1,0.5,0.5
scifact,702,bm25,0.5,1.0,0.1,0.3333333333333333,0.3333333333333333
scifact,715,bm25,0.0,1.0,0.0,0.0277777777777777,0.0277777777777777
scifact,716,bm25,0.0,0.0,0.0,0.0,0.0
scifact,718,bm25,1.0,1.0,0.1,1.0,1.0
scifact,72,bm25,0.3010299956639812,1.0,0.1,0.1111111111111111,0.1111111111111111
scifact,721,bm25,1.0,1.0,0.1,1.0,1.0
scifact,723,bm25,1.0,1.0,0.1,1.0,1.0
scifact,727,bm25,0.6309297535714575,1.0,0.1,0.5,0.5
scifact,728,bm25,0.6052602440527057,1.0,0.2,0.5,0.4166666666666666
scifact,729,bm25,0.6309297535714575,1.0,0.1,0.5,0.5
scifact,742,bm25,1.0,1.0,0.1,1.0,1.0
scifact,743,bm25,1.0,1.0,0.1,1.0,1.0
scifact,744,bm25,0.6309297535714575,1.0,0.1,0.5,0.5
scifact,75,bm25,0.6309297535714575,1.0,0.1,0.5,0.5
scifact,756,bm25,0.2890648263178879,1.0,0.1,0.1,0.1
scifact,759,bm25,1.0,1.0,0.1,1.0,1.0
scifact,768,bm25,0.430676558073393,1.0,0.1,0.25,0.25
scifact,770,bm25,1.0,1.0,0.1,1.0,1.0
scifact,775,bm25,0.0,0.0,0.0,0.0,0.0
scifact,781,bm25,0.6309297535714575,1.0,0.1,0.5,0.5
scifact,783,bm25,0.0,1.0,0.0,0.0434782608695652,0.0434782608695652
scifact,784,bm25,0.5,1.0,0.1,0.3333333333333333,0.3333333333333333
scifact,785,bm25,0.6309297535714575,1.0,0.1,0.5,0.5
scifact,793,bm25,1.0,1.0,0.1,1.0,1.0
scifact,800,bm25,0.0,0.0,0.0,0.0,0.0
scifact,805,bm25,1.0,1.0,0.1,1.0,1.0
scifact,808,bm25,1.0,1.0,0.1,1.0,1.0
scifact,811,bm25,1.0,1.0,0.1,1.0,1.0
scifact,814,bm25,1.0,1.0,0.1,1.0,1.0
scifact,820,bm25,0.0,1.0,0.0,0.0666666666666666,0.0666666666666666
scifact,821,bm25,0.0,1.0,0.0,0.0625,0.0625
scifact,823,bm25,1.0,1.0,0.1,1.0,1.0
scifact,830,bm25,0.3868528072345416,1.0,0.1,0.2,0.2
scifact,831,bm25,0.0,1.0,0.0,0.0909090909090909,0.0909090909090909
scifact,832,bm25,1.0,1.0,0.1,1.0,1.0
scifact,834,bm25,0.0,1.0,0.0,0.0303030303030303,0.0303030303030303
scifact,837,bm25,1.0,1.0,0.1,1.0,1.0
scifact,839,bm25,1.0,1.0,0.1,1.0,1.0
scifact,845,bm25,1.0,1.0,0.1,1.0,1.0
scifact,847,bm25,1.0,1.0,0.1,1.0,1.0
scifact,852,bm25,1.0,1.0,0.1,1.0,1.0
scifact,859,bm25,0.6309297535714575,1.0,0.1,0.5,0.5
scifact,870,bm25,0.0,0.0,0.0,0.0,0.0
scifact,873,bm25,0.0,0.8,0.0,0.0714285714285714,0.0487619047619047
scifact,879,bm25,1.0,1.0,0.1,1.0,1.0
scifact,880,bm25,1.0,1.0,0.1,1.0,1.0
scifact,882,bm25,1.0,1.0,0.1,1.0,1.0
scifact,887,bm25,0.0,0.0,0.0,0.0,0.0
scifact,903,bm25,1.0,1.0,0.1,1.0,1.0
scifact,904,bm25,1.0,1.0,0.1,1.0,1.0
scifact,907,bm25,1.0,1.0,0.1,1.0,1.0
scifact,911,bm25,1.0,1.0,0.1,1.0,1.0
scifact,913,bm25,0.0,0.0,0.0,0.0,0.0
scifact,914,bm25,0.0,0.0,0.0,0.0,0.0
scifact,921,bm25,0.6309297535714575,1.0,0.1,0.5,0.5
scifact,922,bm25,1.0,1.0,0.1,1.0,1.0
scifact,936,bm25,1.0,1.0,0.1,1.0,1.0
scifact,94,bm25,1.0,1.0,0.1,1.0,1.0
scifact,956,bm25,0.5,1.0,0.1,0.3333333333333333,0.3333333333333333
scifact,957,bm25,0.6309297535714575,1.0,0.1,0.5,0.5
scifact,960,bm25,1.0,1.0,0.1,1.0,1.0
scifact,967,bm25,0.9197207891481876,1.0,0.2,1.0,0.8333333333333333
scifact,971,bm25,0.6533933590057491,1.0,0.4,0.3333333333333333,0.5249999999999999
scifact,975,bm25,0.0,0.0,0.0,0.0,0.0
scifact,982,bm25,1.0,1.0,0.1,1.0,1.0
scifact,985,bm25,1.0,1.0,0.1,1.0,1.0
scifact,99,bm25,1.0,1.0,0.1,1.0,1.0
scifact,993,bm25,1.0,1.0,0.1,1.0,1.0
scifact,1,dense,0.0,0.0,0.0,0.0,0.0
scifact,100,dense,0.0,1.0,0.0,0.03125,0.03125
scifact,1012,dense,1.0,1.0,0.1,1.0,1.0
scifact,1014,dense,1.0,1.0,0.1,1.0,1.0
scifact,1019,dense,0.6309297535714575,1.0,0.1,0.5,0.5
scifact,1020,dense,0.0,1.0,0.0,0.0666666666666666,0.0666666666666666
scifact,1021,dense,0.0,1.0,0.0,0.0454545454545454,0.0454545454545454
scifact,1024,dense,0.0,1.0,0.0,0.0166666666666666,0.0166666666666666
scifact,1029,dense,0.7653606369886217,1.0,0.2,1.0,0.681592039800995
scifact,1041,dense,0.1845756967795681,1.0,0.1,0.1111111111111111,0.0700483091787439
scifact,1049,dense,0.0,1.0,0.0,0.0833333333333333,0.0833333333333333
scifact,1062,dense,1.0,1.0,0.1,1.0,1.0
scifact,1086,dense,1.0,1.0,0.1,1.0,1.0
scifact,1088,dense,1.0,1.0,0.1,1.0,1.0
scifact,1089,dense,1.0,1.0,0.1,1.0,1.0
scifact,1099,dense,0.0,1.0,0.0,0.0666666666666666,0.0666666666666666
scifact,1100,dense,0.0,1.0,0.0,0.0555555555555555,0.0555555555555555
scifact,1104,dense,1.0,1.0,0.1,1.0,1.0
scifact,1107,dense,0.430676558073393,1.0,0.1,0.25,0.25
scifact,1110,dense,0.0,0.0,0.0,0.0,0.0
scifact,1121,dense,0.0,1.0,0.0,0.0357142857142857,0.0357142857142857
scifact,113,dense,1.0,1.0,0.1,1.0,1.0
scifact,1130,dense,1.0,1.0,0.1,1.0,1.0
scifact,1132,dense,0.2184074368181641,1.0,0.1,0.1666666666666666,0.1333333333333333
scifact,1137,dense,1.0,1.0,0.1,1.0,1.0
scifact,1140,dense,0.0,1.0,0.0,0.05,0.05
scifact,1144,dense,1.0,1.0,0.1,1.0,1.0
scifact,1146,dense,1.0,1.0,0.1,1.0,1.0
scifact,115,dense,1.0,1.0,0.1,1.0,1.0
scifact,1150,dense,1.0,1.0,0.1,1.0,1.0
scifact,1163,dense,1.0,1.0,0.1,1.0,1.0
scifact,1175,dense,0.0,0.0,0.0,0.0,0.0
scifact,1179,dense,0.0,0.0,0.0,0.0,0.0
scifact,118,dense,1.0,1.0,0.1,1.0,1.0
scifact,1180,dense,0.0,1.0,0.0,0.0212765957446808,0.0212765957446808
scifact,1185,dense,0.5,1.0,0.1,0.3333333333333333,0.3333333333333333
scifact,1187,dense,0.6309297535714575,1.0,0.1,0.5,0.5
scifact,1191,dense,0.3154648767857287,1.0,0.1,0.125,0.125
scifact,1194,dense,1.0,1.0,0.1,1.0,1.0
scifact,1196,dense,0.430676558073393,1.0,0.1,0.25,0.25
scifact,1197,dense,0.430676558073393,1.0,0.1,0.25,0.25
scifact,1199,dense,0.0,0.0,0.0,0.0,0.0
scifact,1200,dense,0.0,0.0,0.0,0.0,0.0
scifact,1202,dense,1.0,1.0,0.1,1.0,1.0
scifact,1204,dense,0.0,1.0,0.0,0.0909090909090909,0.0909090909090909
scifact,1207,dense,0.6309297535714575,1.0,0.1,0.5,0.5
scifact,1213,dense,0.0,0.0,0.0,0.0,0.0
scifact,1216,dense,1.0,1.0,0.1,1.0,1.0
scifact,1221,dense,1.0,1.0,0.1,1.0,1.0
scifact,1225,dense,0.0,1.0,0.0,0.0144927536231884,0.0144927536231884
scifact,1226,dense,0.0,1.0,0.0,0.0188679245283018,0.0188679245283018
scifact,1232,dense,1.0,1.0,0.1,1.0,1.0
scifact,124,dense,1.0,1.0,0.1,1.0,1.0
scifact,1241,dense,1.0,1.0,0.1,1.0,1.0
scifact,1245,dense,0.0,1.0,0.0,0.0294117647058823,0.0294117647058823
scifact,1259,dense,1.0,1.0,0.1,1.0,1.0
scifact,1262,dense,1.0,1.0,0.1,1.0,1.0
scifact,1266,dense,0.6309297535714575,1.0,0.1,0.5,0.5
scifact,127,dense,0.3154648767857287,1.0,0.1,0.125,0.125
scifact,1270,dense,1.0,1.0,0.1,1.0,1.0
scifact,1271,dense,1.0,1.0,0.1,1.0,1.0
scifact,1272,dense,0.0,0.0,0.0,0.0,0.0
scifact,1273,dense,1.0,1.0,0.1,1.0,1.0
scifact,1274,dense,0.8519590445170673,1.0,0.3,1.0,0.6805555555555555
scifact,1278,dense,0.5,1.0,0.1,0.3333333333333333,0.3333333333333333
scifact,1279,dense,0.0,1.0,0.0,0.024390243902439,0.024390243902439
scifact,128,dense,0.0,1.0,0.0,0.0161290322580645,0.0161290322580645
scifact,1280,dense,0.3562071871080222,1.0,0.1,0.1666666666666666,0.1666666666666666
scifact,1281,dense,0.0,1.0,0.0,0.04,0.04
scifact,1282,dense,1.0,1.0,0.1,1.0,1.0
scifact,129,dense,1.0,1.0,0.1,1.0,1.0
scifact,1290,dense,1.0,1.0,0.1,1.0,1.0
scifact,1292,dense,1.0,1.0,0.1,1.0,1.0
scifact,1298,dense,1.0,1.0,0.1,1.0,1.0
scifact,13,dense,0.0,1.0,0.0,0.0256410256410256,0.0256410256410256
scifact,130,dense,1.0,1.0,0.1,1.0,1.0
scifact,1303,dense,1.0,1.0,0.1,1.0,1.0
scifact,1316,dense,0.0,1.0,0.0,0.0344827586206896,0.0344827586206896
scifact,1319,dense,0.430676558073393,1.0,0.1,0.25,0.25
scifact,132,dense,0.0,0.0,0.0,0.0,0.0
scifact,1320,dense,0.6309297535714575,1.0,0.1,0.5,0.5
scifact,133,dense,0.6504460199135362,0.8,0.4,0.5,0.5166666666666666
scifact,1332,dense,0.0,0.0,0.0,0.0,0.0
scifact,1335,dense,1.0,1.0,0.1,1.0,1.0
scifact,1336,dense,1.0,1.0,0.1,1.0,1.0
scifact,1337,dense,0.0,1.0,0.0,0.0294117647058823,0.0294117647058823
scifact,1339,dense,1.0,1.0,0.1,1.0,1.0
scifact,1344,dense,0.0,1.0,0.0,0.0476190476190476,0.0476190476190476
scifact,1352,dense,1.0,1.0,0.1,1.0,1.0
scifact,1359,dense,1.0,1.0,0.1,1.0,1.0
scifact,1362,dense,0.0,1.0,0.0,0.0166666666666666,0.0166666666666666
scifact,1363,dense,0.0,1.0,0.0,0.0769230769230769,0.0769230769230769
scifact,1368,dense,0.6309297535714575,1.0,0.1,0.5,0.5
scifact,137,dense,1.0,1.0,0.1,1.0,1.0
scifact,1370,dense,0.5,1.0,0.1,0.3333333333333333,0.3333333333333333
scifact,1379,dense,0.876848805629635,1.0,0.4,1.0,0.7291666666666666
scifact,1382,dense,0.0,1.0,0.0,0.0588235294117647,0.0588235294117647
scifact,1385,dense,0.6309297535714575,1.0,0.1,0.5,0.5
scifact,1389,dense,1.0,1.0,0.1,1.0,1.0
scifact,1395,dense,0.3562071871080222,1.0,0.1,0.1666666666666666,0.1666666666666666
scifact,141,dense,1.0,1.0,0.2,1.0,1.0
scifact,142,dense,1.0,1.0,0.1,1.0,1.0
scifact,143,dense,1.0,1.0,0.1,1.0,1.0
scifact,146,dense,1.0,1.0,0.1,1.0,1.0
scifact,148,dense,1.0,1.0,0.1,1.0,1.0
scifact,163,dense,0.6309297535714575,1.0,0.1,0.5,0.5
scifact,171,dense,1.0,1.0,0.1,1.0,1.0
scifact,179,dense,0.9493885684853096,1.0,0.4,1.0,0.8611111111111112
scifact,180,dense,1.0,1.0,0.1,1.0,1.0
scifact,183,dense,0.6309297535714575,1.0,0.1,0.5,0.5
scifact,185,dense,0.0,1.0,0.0,0.0588235294117647,0.0588235294117647
scifact,198,dense,0.0,1.0,0.0,0.027027027027027,0.027027027027027
scifact,208,dense,1.0,1.0,0.1,1.0,1.0
scifact,212,dense,0.0,1.0,0.0,0.0256410256410256,0.0256410256410256
scifact,213,dense,0.0,1.0,0.0,0.0185185185185185,0.0185185185185185
scifact,216,dense,1.0,1.0,0.1,1.0,1.0
scifact,217,dense,1.0,1.0,0.1,1.0,1.0
scifact,218,dense,1.0,1.0,0.1,1.0,1.0
scifact,219,dense,1.0,1.0,0.1,1.0,1.0
scifact,230,dense,1.0,1.0,0.1,1.0,1.0
scifact,232,dense,1.0,1.0,0.1,1.0,1.0
scifact,233,dense,1.0,1.0,0.1,1.0,1.0
scifact,236,dense,1.0,1.0,0.1,1.0,1.0
scifact,237,dense,0.6309297535714575,1.0,0.1,0.5,0.5
scifact,238,dense,0.2890648263178879,1.0,0.1,0.1,0.1
scifact,239,dense,0.0,1.0,0.0,0.0833333333333333,0.0833333333333333
scifact,248,dense,0.6309297535714575,1.0,0.1,0.5,0.5
scifact,249,dense,0.6309297535714575,1.0,0.1,0.5,0.5
scifact,261,dense,0.0,1.0,0.0,0.0303030303030303,0.0414673046251993
scifact,268,dense,0.6309297535714575,1.0,0.1,0.5,0.5
scifact,269,dense,0.430676558073393,1.0,0.1,0.25,0.25
scifact,274,dense,1.0,1.0,0.1,1.0,1.0
scifact,275,dense,0.6508205185601091,1.0,0.2,1.0,0.5380952380952381
scifact,279,dense,1.0,1.0,0.1,1.0,1.0
scifact,294,dense,0.0,1.0,0.0,0.03125,0.03125
scifact,295,dense,0.0,1.0,0.0,0.0256410256410256,0.0256410256410256
scifact,298,dense,1.0,1.0,0.1,1.0,1.0
scifact,3,dense,0.430676558073393,1.0,0.1,0.25,0.25
scifact,300,dense,0.0,1.0,0.0,0.0333333333333333,0.0333333333333333
scifact,303,dense,0.0,1.0,0.0,0.04,0.04
scifact,312,dense,0.0,1.0,0.0,0.0136986301369863,0.0136986301369863
scifact,314,dense,0.0,1.0,0.0,0.027027027027027,0.027027027027027
scifact,324,dense,0.0,1.0,0.0,0.0384615384615384,0.0384615384615384
scifact,327,dense,0.5,1.0,0.1,0.3333333333333333,0.3333333333333333
scifact,338,dense,1.0,1.0,0.1,1.0,1.0
scifact,343,dense,0.6131471927654584,1.0,0.1,1.0,0.5625
scifact,350,dense,1.0,1.0,0.1,1.0,1.0
scifact,354,dense,1.0,1.0,0.1,1.0,1.0
scifact,36,dense,0.4413074093566386,1.0,0.2,0.25,0.225
scifact,362,dense,1.0,1.0,0.1,1.0,1.0
scifact,380,dense,0.0,0.0,0.0,0.0,0.0
scifact,384,dense,0.0,1.0,0.0,0.0384615384615384,0.0384615384615384
scifact,385,dense,0.6934264036172708,1.0,0.2,0.5,0.5833333333333333
scifact,386,dense,1.0,1.0,0.1,1.0,1.0
scifact,388,dense,0.6309297535714575,1.0,0.1,0.5,0.5
scifact,399,dense,1.0,1.0,0.1,1.0,1.0
scifact,410,dense,1.0,1.0,0.1,1.0,1.0
scifact,411,dense,1.0,1.0,0.1,1.0,1.0
scifact,415,dense,0.2890648263178879,1.0,0.1,0.1,0.1
scifact,42,dense,1.0,1.0,0.1,1.0,1.0
scifact,421,dense,0.0,0.0,0.0,0.0,0.0
scifact,431,dense,0.0,1.0,0.0,0.0769230769230769,0.0769230769230769
scifact,436,dense,1.0,1.0,0.1,1.0,1.0
scifact,437,dense,0.0,0.0,0.0,0.0,0.0
scifact,439,dense,0.3154648767857287,1.0,0.1,0.125,0.125
scifact,440,dense,0.3562071871080222,1.0,0.1,0.1666666666666666,0.1666666666666666
scifact,443,dense,1.0,1.0,0.1,1.0,1.0
scifact,452,dense,0.0,1.0,0.0,0.0769230769230769,0.0554106910039113
scifact,475,dense,0.0,1.0,0.0,0.0416666666666666,0.0416666666666666
scifact,478,dense,1.0,1.0,0.1,1.0,1.0
scifact,48,dense,0.0,0.0,0.0,0.0,0.0
scifact,49,dense,1.0,1.0,0.1,1.0,1.0
scifact,491,dense,1.0,1.0,0.1,1.0,1.0
scifact,5,dense,0.5,1.0,0.1,0.3333333333333333,0.3333333333333333
scifact,50,dense,1.0,1.0,0.1,1.0,1.0
scifact,501,dense,1.0,1.0,0.1,1.0,1.0
scifact,502,dense,0.0,0.0,0.0,0.0,0.0
scifact,507,dense,0.3010299956639812,1.0,0.1,0.1111111111111111,0.1111111111111111
scifact,508,dense,0.0,0.0,0.0,0.0,0.0
scifact,51,dense,1.0,1.0,0.1,1.0,1.0
scifact,513,dense,0.6309297535714575,1.0,0.1,0.5,0.5
scifact,514,dense,1.0,1.0,0.1,1.0,1.0
scifact,516,dense,0.3562071871080222,1.0,0.1,0.1666666666666666,0.1666666666666666
scifact,517,dense,0.0,0.0,0.0,0.0,0.0
scifact,521,dense,0.430676558073393,1.0,0.1,0.25,0.25
scifact,525,dense,1.0,1.0,0.1,1.0,1.0
scifact,527,dense,0.0,1.0,0.0,0.05,0.05
scifact,528,dense,1.0,1.0,0.1,1.0,1.0
scifact,53,dense,1.0,1.0,0.1,1.0,1.0
scifact,532,dense,1.0,1.0,0.1,1.0,1.0
scifact,533,dense,1.0,1.0,0.1,1.0,1.0
scifact,535,dense,0.430676558073393,1.0,0.1,0.25,0.25
scifact,536,dense,0.3154648767857287,1.0,0.1,0.125,0.125
scifact,539,dense,1.0,1.0,0.1,1.0,1.0
scifact,54,dense,0.5,1.0,0.1,0.3333333333333333,0.3333333333333333
scifact,540,dense,0.6131471927654584,0.5,0.1,1.0,0.5
scifact,544,dense,0.3010299956639812,1.0,0.1,0.1111111111111111,0.1111111111111111
scifact,549,dense,0.0,1.0,0.0,0.0666666666666666,0.0666666666666666
scifact,551,dense,0.3154648767857287,1.0,0.1,0.125,0.125
scifact,552,dense,1.0,1.0,0.1,1.0,1.0
scifact,554,dense,0.0,1.0,0.0,0.0181818181818181,0.0181818181818181
scifact,56,dense,1.0,1.0,0.1,1.0,1.0
scifact,560,dense,0.0,0.0,0.0,0.0,0.0
scifact,569,dense,0.430676558073393,1.0,0.1,0.25,0.25
scifact,57,dense,1.0,1.0,0.1,1.0,1.0
scifact,575,dense,0.0,1.0,0.0,0.0147058823529411,0.0147058823529411
scifact,577,dense,0.0,0.0,0.0,0.0,0.0
scifact,578,dense,0.0,1.0,0.0,0.0434782608695652,0.0434782608695652
scifact,587,dense,0.6309297535714575,1.0,0.1,0.5,0.5
scifact,589,dense,1.0,1.0,0.1,1.0,1.0
scifact,593,dense,1.0,1.0,0.1,1.0,1.0
scifact,597,dense,0.9469024295259744,1.0,0.3,1.0,0.8666666666666667
scifact,598,dense,0.6309297535714575,1.0,0.1,0.5,0.5
scifact,613,dense,1.0,1.0,0.1,1.0,1.0
scifact,619,dense,0.0,0.0,0.0,0.0,0.0
scifact,623,dense,0.0,1.0,0.0,0.0625,0.0625
scifact,628,dense,0.5,1.0,0.1,0.3333333333333333,0.3333333333333333
scifact,636,dense,1.0,1.0,0.1,1.0,1.0
scifact,637,dense,0.430676558073393,1.0,0.1,0.25,0.25
scifact,641,dense,1.0,1.0,0.2,1.0,1.0
scifact,644,dense,0.0,1.0,0.0,0.0277777777777777,0.0277777777777777
scifact,649,dense,1.0,1.0,0.1,1.0,1.0
scifact,659,dense,0.0,0.0,0.0,0.0,0.0
scifact,660,dense,0.0,0.0,0.0,0.0,0.0
scifact,674,dense,0.430676558073393,1.0,0.1,0.25,0.25
scifact,684,dense,0.6309297535714575,1.0,0.1,0.5,0.5
scifact,690,dense,0.0,0.0,0.0,0.0,0.0
scifact,691,dense,0.0,1.0,0.0,0.037037037037037,0.037037037037037
scifact,692,dense,1.0,1.0,0.1,1.0,1.0
scifact,693,dense,1.0,1.0,0.1,1.0,1.0
scifact,70,dense,0.4838128831667769,1.0,0.2,0.3333333333333333,0.2666666666666666
scifact,700,dense,0.0,1.0,0.0,0.0277777777777777,0.0277777777777777
scifact,702,dense,0.0,1.0,0.0,0.0384615384615384,0.0384615384615384
scifact,715,dense,0.0,1.0,0.0,0.0196078431372549,0.0196078431372549
scifact,716,dense,0.0,0.0,0.0,0.0,0.0
scifact,718,dense,0.5,1.0,0.1,0.3333333333333333,0.3333333333333333
scifact,72,dense,0.0,1.0,0.0,0.0128205128205128,0.0128205128205128
scifact,721,dense,1.0,1.0,0.1,1.0,1.0
scifact,723,dense,1.0,1.0,0.1,1.0,1.0
scifact,727,dense,0.0,1.0,0.0,0.0204081632653061,0.0204081632653061
scifact,728,dense,0.6131471927654584,1.0,0.1,1.0,0.5303030303030303
scifact,729,dense,0.0,1.0,0.0,0.0294117647058823,0.0294117647058823
scifact,742,dense,1.0,1.0,0.1,1.0,1.0
scifact,743,dense,1.0,1.0,0.1,1.0,1.0
scifact,744,dense,0.6309297535714575,1.0,0.1,0.5,0.5
scifact,75,dense,1.0,1.0,0.1,1.0,1.0
scifact,756,dense,0.6309297535714575,1.0,0.1,0.5,0.5
scifact,759,dense,0.6309297535714575,1.0,0.1,0.5,0.5
scifact,768,dense,0.0,1.0,0.0,0.0119047619047619,0.0119047619047619
scifact,770,dense,1.0,1.0,0.1,1.0,1.0
scifact,775,dense,0.0,0.0,0.0,0.0,0.0
scifact,781,dense,1.0,1.0,0.1,1.0,1.0
scifact,783,dense,0.0,0.0,0.0,0.0,0.0
scifact,784,dense,0.0,1.0,0.0,0.0344827586206896,0.0344827586206896
scifact,785,dense,0.0,1.0,0.0,0.0144927536231884,0.0144927536231884
scifact,793,dense,0.3868528072345416,1.0,0.1,0.2,0.2
scifact,800,dense,0.430676558073393,1.0,0.1,0.25,0.25
scifact,805,dense,1.0,1.0,0.1,1.0,1.0
scifact,808,dense,1.0,1.0,0.1,1.0,1.0
scifact,811,dense,0.0,1.0,0.0,0.0333333333333333,0.0333333333333333
scifact,814,dense,1.0,1.0,0.1,1.0,1.0
scifact,820,dense,0.0,0.0,0.0,0.0,0.0
scifact,821,dense,0.0,0.0,0.0,0.0,0.0
scifact,823,dense,1.0,1.0,0.1,1.0,1.0
scifact,830,dense,0.0,0.0,0.0,0.0,0.0
scifact,831,dense,0.0,0.0,0.0,0.0,0.0
scifact,832,dense,1.0,1.0,0.1,1.0,1.0
scifact,834,dense,0.0,0.0,0.0,0.0,0.0
scifact,837,dense,0.0,0.0,0.0,0.0,0.0
scifact,839,dense,0.6309297535714575,1.0,0.1,0.5,0.5
scifact,845,dense,0.5,1.0,0.1,0.3333333333333333,0.3333333333333333
scifact,847,dense,1.0,1.0,0.1,1.0,1.0
scifact,852,dense,1.0,1.0,0.1,1.0,1.0
scifact,859,dense,0.3333333333333333,1.0,0.1,0.1428571428571428,0.1428571428571428
scifact,870,dense,0.0,1.0,0.0,0.01,0.01
scifact,873,dense,0.2903914053363022,0.8,0.2,0.3333333333333333,0.2069264069264069
scifact,879,dense,1.0,1.0,0.1,1.0,1.0
scifact,880,dense,0.3868528072345416,1.0,0.1,0.2,0.2
scifact,882,dense,0.5,1.0,0.1,0.3333333333333333,0.3333333333333333
scifact,887,dense,0.0,0.0,0.0,0.0,0.0
scifact,903,dense,1.0,1.0,0.1,1.0,1.0
scifact,904,dense,1.0,1.0,0.1,1.0,1.0
scifact,907,dense,1.0,1.0,0.1,1.0,1.0
scifact,911,dense,1.0,1.0,0.1,1.0,1.0
scifact,913,dense,0.0,1.0,0.0,0.0208333333333333,0.0208333333333333
scifact,914,dense,0.0,1.0,0.0,0.037037037037037,0.037037037037037
scifact,921,dense,1.0,1.0,0.1,1.0,1.0
scifact,922,dense,1.0,1.0,0.1,1.0,1.0
scifact,936,dense,0.0,1.0,0.0,0.0212765957446808,0.0212765957446808
scifact,94,dense,0.0,0.0,0.0,0.0,0.0
scifact,956,dense,1.0,1.0,0.1,1.0,1.0
scifact,957,dense,1.0,1.0,0.1,1.0,1.0
scifact,960,dense,1.0,1.0,0.1,1.0,1.0
scifact,967,dense,0.6131471927654584,0.5,0.1,1.0,0.5
scifact,971,dense,0.9267582364714124,1.0,0.4,1.0,0.8166666666666667
scifact,975,dense,0.0,0.0,0.0,0.0,0.0
scifact,982,dense,0.6309297535714575,1.0,0.1,0.5,0.5
scifact,985,dense,0.3868528072345416,1.0,0.1,0.2,0.2
scifact,99,dense,1.0,1.0,0.1,1.0,1.0
scifact,993,dense,0.6309297535714575,1.0,0.1,0.5,0.5
scifact,1,hybrid,0.0,0.0,0.0,0.0,0.0
scifact,100,hybrid,0.6309297535714575,1.0,0.1,0.5,0.5
scifact,1012,hybrid,1.0,1.0,0.1,1.0,1.0
scifact,1014,hybrid,1.0,1.0,0.1,1.0,1.0
scifact,1019,hybrid,0.6309297535714575,1.0,0.1,0.5,0.5
scifact,1020,hybrid,0.3868528072345416,1.0,0.1,0.2,0.2
scifact,1021,hybrid,0.3868528072345416,1.0,0.1,0.2,0.2
scifact,1024,hybrid,0.6309297535714575,1.0,0.1,0.5,0.5
scifact,1029,hybrid,0.7653606369886217,1.0,0.2,1.0,0.712121212121212
scifact,1041,hybrid,0.3956467236022118,1.0,0.2,0.1666666666666666,0.1833333333333333
scifact,1049,hybrid,0.0,1.0,0.0,0.0588235294117647,0.0588235294117647
scifact,1062,hybrid,1.0,1.0,0.1,1.0,1.0
scifact,1086,hybrid,1.0,1.0,0.1,1.0,1.0
scifact,1088,hybrid,0.5,1.0,0.1,0.3333333333333333,0.3333333333333333
scifact,1089,hybrid,1.0,1.0,0.1,1.0,1.0
scifact,1099,hybrid,0.3562071871080222,1.0,0.1,0.1666666666666666,0.1666666666666666
scifact,1100,hybrid,0.3333333333333333,1.0,0.1,0.1428571428571428,0.1428571428571428
scifact,1104,hybrid,1.0,1.0,0.1,1.0,1.0
scifact,1107,hybrid,1.0,1.0,0.1,1.0,1.0
scifact,1110,hybrid,0.0,0.0,0.0,0.0,0.0
scifact,1121,hybrid,0.430676558073393,1.0,0.1,0.25,0.25
scifact,113,hybrid,1.0,1.0,0.1,1.0,1.0
scifact,1130,hybrid,1.0,1.0,0.1,1.0,1.0
scifact,1132,hybrid,0.2371977127692962,1.0,0.1,0.2,0.1454545454545454
scifact,1137,hybrid,1.0,1.0,0.1,1.0,1.0
scifact,1140,hybrid,0.2890648263178879,1.0,0.1,0.1,0.1
scifact,1144,hybrid,1.0,1.0,0.1,1.0,1.0
scifact,1146,hybrid,1.0,1.0,0.1,1.0,1.0
scifact,115,hybrid,1.0,1.0,0.1,1.0,1.0
scifact,1150,hybrid,1.0,1.0,0.1,1.0,1.0
scifact,1163,hybrid,1.0,1.0,0.1,1.0,1.0
scifact,1175,hybrid,0.0,0.0,0.0,0.0,0.0
scifact,1179,hybrid,0.0,1.0,0.0,0.0192307692307692,0.0192307692307692
scifact,118,hybrid,1.0,1.0,0.1,1.0,1.0
scifact,1180,hybrid,0.3010299956639812,1.0,0.1,0.1111111111111111,0.1111111111111111
scifact,1185,hybrid,1.0,1.0,0.1,1.0,1.0
scifact,1187,hybrid,0.6309297535714575,1.0,0.1,0.5,0.5
scifact,1191,hybrid,0.0,1.0,0.0,0.0666666666666666,0.0666666666666666
scifact,1194,hybrid,0.6309297535714575,1.0,0.1,0.5,0.5
scifact,1196,hybrid,0.3562071871080222,1.0,0.1,0.1666666666666666,0.1666666666666666
scifact,1197,hybrid,0.3562071871080222,1.0,0.1,0.1666666666666666,0.1666666666666666
scifact,1199,hybrid,0.0,0.0,0.0,0.0,0.0
scifact,1200,hybrid,0.0,0.0,0.0,0.0,0.0
scifact,1202,hybrid,1.0,1.0,0.1,1.0,1.0
scifact,1204,hybrid,1.0,1.0,0.1,1.0,1.0
scifact,1207,hybrid,1.0,1.0,0.1,1.0,1.0
scifact,1213,hybrid,0.0,0.0,0.0,0.0,0.0
scifact,1216,hybrid,1.0,1.0,0.1,1.0,1.0
scifact,1221,hybrid,0.5,1.0,0.1,0.3333333333333333,0.3333333333333333
scifact,1225,hybrid,0.3562071871080222,1.0,0.1,0.1666666666666666,0.1666666666666666
scifact,1226,hybrid,0.0,1.0,0.0,0.0129870129870129,0.0129870129870129
scifact,1232,hybrid,1.0,1.0,0.1,1.0,1.0
scifact,124,hybrid,1.0,1.0,0.1,1.0,1.0
scifact,1241,hybrid,0.430676558073393,1.0,0.1,0.25,0.25
scifact,1245,hybrid,0.0,1.0,0.0,0.0666666666666666,0.0666666666666666
scifact,1259,hybrid,1.0,1.0,0.1,1.0,1.0
scifact,1262,hybrid,1.0,1.0,0.1,1.0,1.0
scifact,1266,hybrid,1.0,1.0,0.1,1.0,1.0
scifact,127,hybrid,1.0,1.0,0.1,1.0,1.0
scifact,1270,hybrid,1.0,1.0,0.1,1.0,1.0
scifact,1271,hybrid,1.0,1.0,0.1,1.0,1.0
scifact,1272,hybrid,0.0,1.0,0.0,0.024390243902439,0.024390243902439
scifact,1273,hybrid,1.0,1.0,0.1,1.0,1.0
scifact,1274,hybrid,0.8710785440003369,1.0,0.3,1.0,0.7222222222222222
scifact,1278,hybrid,0.2890648263178879,1.0,0.1,0.1,0.1
scifact,1279,hybrid,0.0,1.0,0.0,0.0104166666666666,0.0104166666666666
scifact,128,hybrid,0.3562071871080222,1.0,0.1,0.1666666666666666,0.1666666666666666
scifact,1280,hybrid,0.3333333333333333,1.0,0.1,0.1428571428571428,0.1428571428571428
scifact,1281,hybrid,0.0,1.0,0.0,0.02,0.02
scifact,1282,hybrid,1.0,1.0,0.1,1.0,1.0
scifact,129,hybrid,1.0,1.0,0.1,1.0,1.0
scifact,1290,hybrid,1.0,1.0,0.1,1.0,1.0
scifact,1292,hybrid,1.0,1.0,0.1,1.0,1.0
scifact,1298,hybrid,1.0,1.0,0.1,1.0,1.0
scifact,13,hybrid,0.0,1.0,0.0,0.0161290322580645,0.0161290322580645
scifact,130,hybrid,1.0,1.0,0.1,1.0,1.0
scifact,1303,hybrid,1.0,1.0,0.1,1.0,1.0
scifact,1316,hybrid,0.0,1.0,0.0,0.0476190476190476,0.0476190476190476
scifact,1319,hybrid,0.6309297535714575,1.0,0.1,0.5,0.5
scifact,132,hybrid,0.0,0.0,0.0,0.0,0.0
scifact,1320,hybrid,1.0,1.0,0.1,1.0,1.0
scifact,133,hybrid,0.6295516106099184,0.8,0.3,1.0,0.5
scifact,1332,hybrid,0.0,0.0,0.0,0.0,0.0
scifact,1335,hybrid,1.0,1.0,0.1,1.0,1.0
scifact,1336,hybrid,1.0,1.0,0.1,1.0,1.0
scifact,1337,hybrid,0.6309297535714575,1.0,0.1,0.5,0.5
scifact,1339,hybrid,1.0,1.0,0.1,1.0,1.0
scifact,1344,hybrid,0.6309297535714575,1.0,0.1,0.5,0.5
scifact,1352,hybrid,1.0,1.0,0.1,1.0,1.0
scifact,1359,hybrid,1.0,1.0,0.1,1.0,1.0
scifact,1362,hybrid,0.3562071871080222,1.0,0.1,0.1666666666666666,0.1666666666666666
scifact,1363,hybrid,0.6309297535714575,1.0,0.1,0.5,0.5
scifact,1368,hybrid,0.3562071871080222,1.0,0.1,0.1666666666666666,0.1666666666666666
scifact,137,hybrid,1.0,1.0,0.1,1.0,1.0
scifact,1370,hybrid,0.430676558073393,1.0,0.1,0.25,0.25
scifact,1379,hybrid,0.8285418996677884,1.0,0.4,1.0,0.6238095238095237
scifact,1382,hybrid,0.3154648767857287,1.0,0.1,0.125,0.125
scifact,1385,hybrid,1.0,1.0,0.1,1.0,1.0
scifact,1389,hybrid,1.0,1.0,0.1,1.0,1.0
scifact,1395,hybrid,0.430676558073393,1.0,0.1,0.25,0.25
scifact,141,hybrid,1.0,1.0,0.2,1.0,1.0
scifact,142,hybrid,1.0,1.0,0.1,1.0,1.0
scifact,143,hybrid,1.0,1.0,0.1,1.0,1.0
scifact,146,hybrid,1.0,1.0,0.1,1.0,1.0
scifact,148,hybrid,1.0,1.0,0.1,1.0,1.0
scifact,163,hybrid,1.0,1.0,0.1,1.0,1.0
scifact,171,hybrid,1.0,1.0,0.1,1.0,1.0
scifact,179,hybrid,0.8477774488692931,1.0,0.4,1.0,0.6666666666666666
scifact,180,hybrid,1.0,1.0,0.1,1.0,1.0
scifact,183,hybrid,1.0,1.0,0.1,1.0,1.0
scifact,185,hybrid,0.3333333333333333,1.0,0.1,0.1428571428571428,0.1428571428571428
scifact,198,hybrid,0.6309297535714575,1.0,0.1,0.5,0.5
scifact,208,hybrid,1.0,1.0,0.1,1.0,1.0
scifact,212,hybrid,0.2890648263178879,1.0,0.1,0.1,0.1
scifact,213,hybrid,0.3333333333333333,1.0,0.1,0.1428571428571428,0.1428571428571428
scifact,216,hybrid,1.0,1.0,0.1,1.0,1.0
scifact,217,hybrid,1.0,1.0,0.1,1.0,1.0
scifact,218,hybrid,1.0,1.0,0.1,1.0,1.0
scifact,219,hybrid,1.0,1.0,0.1,1.0,1.0
scifact,230,hybrid,1.0,1.0,0.1,1.0,1.0
scifact,232,hybrid,1.0,1.0,0.1,1.0,1.0
scifact,233,hybrid,1.0,1.0,0.1,1.0,1.0
scifact,236,hybrid,1.0,1.0,0.1,1.0,1.0
scifact,237,hybrid,0.6309297535714575,1.0,0.1,0.5,0.5
scifact,238,hybrid,0.3333333333333333,1.0,0.1,0.1428571428571428,0.1428571428571428
scifact,239,hybrid,0.0,1.0,0.0,0.0454545454545454,0.0454545454545454
scifact,248,hybrid,1.0,1.0,0.1,1.0,1.0
scifact,249,hybrid,1.0,1.0,0.1,1.0,1.0
scifact,261,hybrid,0.1845756967795681,1.0,0.1,0.1111111111111111,0.0734126984126984
scifact,268,hybrid,1.0,1.0,0.1,1.0,1.0
scifact,269,hybrid,0.6309297535714575,1.0,0.1,0.5,0.5
scifact,274,hybrid,1.0,1.0,0.1,1.0,1.0
scifact,275,hybrid,0.6257049680303419,1.0,0.2,1.0,0.4702380952380952
scifact,279,hybrid,1.0,1.0,0.1,1.0,1.0
scifact,294,hybrid,0.6309297535714575,1.0,0.1,0.5,0.5
scifact,295,hybrid,0.5,1.0,0.1,0.3333333333333333,0.3333333333333333
scifact,298,hybrid,1.0,1.0,0.1,1.0,1.0
scifact,3,hybrid,1.0,1.0,0.1,1.0,1.0
scifact,300,hybrid,0.2890648263178879,1.0,0.1,0.1,0.1
scifact,303,hybrid,0.3010299956639812,1.0,0.1,0.1111111111111111,0.1111111111111111
scifact,312,hybrid,0.3154648767857287,1.0,0.1,0.125,0.125
scifact,314,hybrid,0.430676558073393,1.0,0.1,0.25,0.25
scifact,324,hybrid,0.5,1.0,0.1,0.3333333333333333,0.3333333333333333
scifact,327,hybrid,1.0,1.0,0.1,1.0,1.0
scifact,338,hybrid,1.0,1.0,0.1,1.0,1.0
scifact,343,hybrid,0.8772153153380493,1.0,0.2,1.0,0.75
scifact,350,hybrid,1.0,1.0,0.1,1.0,1.0
scifact,354,hybrid,1.0,1.0,0.1,1.0,1.0
scifact,36,hybrid,0.2371977127692962,1.0,0.1,0.2,0.1666666666666666
scifact,362,hybrid,1.0,1.0,0.1,1.0,1.0
scifact,380,hybrid,0.5,1.0,0.1,0.3333333333333333,0.3333333333333333
scifact,384,hybrid,0.0,1.0,0.0,0.0588235294117647,0.0588235294117647
scifact,385,hybrid,0.6509209298071326,1.0,0.2,0.5,0.5
scifact,386,hybrid,1.0,1.0,0.1,1.0,1.0
scifact,388,hybrid,0.6309297535714575,1.0,0.1,0.5,0.5
scifact,399,hybrid,1.0,1.0,0.1,1.0,1.0
scifact,410,hybrid,1.0,1.0,0.1,1.0,1.0
scifact,411,hybrid,1.0,1.0,0.1,1.0,1.0
scifact,415,hybrid,0.3562071871080222,1.0,0.1,0.1666666666666666,0.1666666666666666
scifact,42,hybrid,1.0,1.0,0.1,1.0,1.0
scifact,421,hybrid,0.0,0.0,0.0,0.0,0.0
scifact,431,hybrid,0.0,1.0,0.0,0.0238095238095238,0.0238095238095238
scifact,436,hybrid,1.0,1.0,0.1,1.0,1.0
scifact,437,hybrid,0.0,0.0,0.0,0.0,0.0
scifact,439,hybrid,1.0,1.0,0.1,1.0,1.0
scifact,440,hybrid,0.6309297535714575,1.0,0.1,0.5,0.5
scifact,443,hybrid,1.0,1.0,0.1,1.0,1.0
scifact,452,hybrid,0.2371977127692962,1.0,0.1,0.2,0.132258064516129
scifact,475,hybrid,0.3154648767857287,1.0,0.1,0.125,0.125
scifact,478,hybrid,1.0,1.0,0.1,1.0,1.0
scifact,48,hybrid,0.3010299956639812,1.0,0.1,0.1111111111111111,0.1111111111111111
scifact,49,hybrid,1.0,1.0,0.1,1.0,1.0
scifact,491,hybrid,1.0,1.0,0.1,1.0,1.0
scifact,5,hybrid,1.0,1.0,0.1,1.0,1.0
scifact,50,hybrid,1.0,1.0,0.1,1.0,1.0
scifact,501,hybrid,1.0,1.0,0.1,1.0,1.0
scifact,502,hybrid,0.0,0.0,0.0,0.0,0.0
scifact,507,hybrid,0.6309297535714575,1.0,0.1,0.5,0.5
scifact,508,hybrid,0.0,1.0,0.0,0.0158730158730158,0.0158730158730158
scifact,51,hybrid,1.0,1.0,0.1,1.0,1.0
scifact,513,hybrid,1.0,1.0,0.1,1.0,1.0
scifact,514,hybrid,0.6309297535714575,1.0,0.1,0.5,0.5
scifact,516,hybrid,1.0,1.0,0.1,1.0,1.0
scifact,517,hybrid,0.0,1.0,0.0,0.02,0.02
scifact,521,hybrid,0.6309297535714575,1.0,0.1,0.5,0.5
scifact,525,hybrid,1.0,1.0,0.1,1.0,1.0
scifact,527,hybrid,0.6309297535714575,1.0,0.1,0.5,0.5
scifact,528,hybrid,1.0,1.0,0.1,1.0,1.0
scifact,53,hybrid,1.0,1.0,0.1,1.0,1.0
scifact,532,hybrid,1.0,1.0,0.1,1.0,1.0
scifact,533,hybrid,1.0,1.0,0.1,1.0,1.0
scifact,535,hybrid,0.0,1.0,0.0,0.0416666666666666,0.0416666666666666
scifact,536,hybrid,1.0,1.0,0.1,1.0,1.0
scifact,539,hybrid,1.0,1.0,0.1,1.0,1.0
scifact,54,hybrid,0.5,1.0,0.1,0.3333333333333333,0.3333333333333333
scifact,540,hybrid,0.6131471927654584,1.0,0.1,1.0,0.5128205128205128
scifact,544,hybrid,0.0,1.0,0.0,0.0714285714285714,0.0714285714285714
scifact,549,hybrid,1.0,1.0,0.1,1.0,1.0
scifact,551,hybrid,0.5,1.0,0.1,0.3333333333333333,0.3333333333333333
scifact,552,hybrid,1.0,1.0,0.1,1.0,1.0
scifact,554,hybrid,0.0,1.0,0.0,0.0526315789473684,0.0526315789473684
scifact,56,hybrid,1.0,1.0,0.1,1.0,1.0
scifact,560,hybrid,0.0,0.0,0.0,0.0,0.0
scifact,569,hybrid,0.6309297535714575,1.0,0.1,0.5,0.5
scifact,57,hybrid,1.0,1.0,0.1,1.0,1.0
scifact,575,hybrid,0.0,1.0,0.0,0.0909090909090909,0.0909090909090909
scifact,577,hybrid,0.0,0.0,0.0,0.0,0.0
scifact,578,hybrid,1.0,1.0,0.1,1.0,1.0
scifact,587,hybrid,0.6309297535714575,1.0,0.1,0.5,0.5
scifact,589,hybrid,1.0,1.0,0.1,1.0,1.0
scifact,593,hybrid,1.0,1.0,0.1,1.0,1.0
scifact,597,hybrid,1.0,1.0,0.3,1.0,1.0
scifact,598,hybrid,0.5,1.0,0.1,0.3333333333333333,0.3333333333333333
scifact,613,hybrid,1.0,1.0,0.1,1.0,1.0
scifact,619,hybrid,0.0,0.5,0.0,0.027027027027027,0.0135135135135135
scifact,623,hybrid,0.0,1.0,0.0,0.05,0.05
scifact,628,hybrid,0.6309297535714575,1.0,0.1,0.5,0.5
scifact,636,hybrid,1.0,1.0,0.1,1.0,1.0
scifact,637,hybrid,0.6309297535714575,1.0,0.1,0.5,0.5
scifact,641,hybrid,0.8772153153380493,1.0,0.2,1.0,0.75
scifact,644,hybrid,0.6309297535714575,1.0,0.1,0.5,0.5
scifact,649,hybrid,1.0,1.0,0.1,1.0,1.0
scifact,659,hybrid,0.6309297535714575,1.0,0.1,0.5,0.5
scifact,660,hybrid,0.5,1.0,0.1,0.3333333333333333,0.3333333333333333
scifact,674,hybrid,1.0,1.0,0.1,1.0,1.0
scifact,684,hybrid,0.6309297535714575,1.0,0.1,0.5,0.5
scifact,690,hybrid,0.0,1.0,0.0,0.0416666666666666,0.0416666666666666
scifact,691,hybrid,0.6309297535714575,1.0,0.1,0.5,0.5
scifact,692,hybrid,1.0,1.0,0.1,1.0,1.0
scifact,693,hybrid,1.0,1.0,0.1,1.0,1.0
scifact,70,hybrid,1.0,1.0,0.2,1.0,1.0
scifact,700,hybrid,0.430676558073393,1.0,0.1,0.25,0.25
scifact,702,hybrid,0.3333333333333333,1.0,0.1,0.1428571428571428,0.1428571428571428
scifact,715,hybrid,0.0,1.0,0.0,0.0263157894736842,0.0263157894736842
scifact,716,hybrid,0.0,0.0,0.0,0.0,0.0
scifact,718,hybrid,1.0,1.0,0.1,1.0,1.0
scifact,72,hybrid,0.3010299956639812,1.0,0.1,0.1111111111111111,0.1111111111111111
scifact,721,hybrid,1.0,1.0,0.1,1.0,1.0
scifact,723,hybrid,1.0,1.0,0.1,1.0,1.0
scifact,727,hybrid,0.3562071871080222,1.0,0.1,0.1666666666666666,0.1666666666666666
scifact,728,hybrid,0.8503449055347546,1.0,0.2,1.0,0.7
scifact,729,hybrid,0.5,1.0,0.1,0.3333333333333333,0.3333333333333333
scifact,742,hybrid,1.0,1.0,0.1,1.0,1.0
scifact,743,hybrid,1.0,1.0,0.1,1.0,1.0
scifact,744,hybrid,0.6309297535714575,1.0,0.1,0.5,0.5
scifact,75,hybrid,1.0,1.0,0.1,1.0,1.0
scifact,756,hybrid,0.5,1.0,0.1,0.3333333333333333,0.3333333333333333
scifact,759,hybrid,1.0,1.0,0.1,1.0,1.0
scifact,768,hybrid,0.0,1.0,0.0,0.0222222222222222,0.0222222222222222
scifact,770,hybrid,1.0,1.0,0.1,1.0,1.0
scifact,775,hybrid,0.0,0.0,0.0,0.0,0.0
scifact,781,hybrid,1.0,1.0,0.1,1.0,1.0
scifact,783,hybrid,0.0,1.0,0.0,0.0121951219512195,0.0121951219512195
scifact,784,hybrid,0.430676558073393,1.0,0.1,0.25,0.25
scifact,785,hybrid,0.5,1.0,0.1,0.3333333333333333,0.3333333333333333
scifact,793,hybrid,1.0,1.0,0.1,1.0,1.0
scifact,800,hybrid,0.3333333333333333,1.0,0.1,0.1428571428571428,0.1428571428571428
scifact,805,hybrid,1.0,1.0,0.1,1.0,1.0
scifact,808,hybrid,1.0,1.0,0.1,1.0,1.0
scifact,811,hybrid,1.0,1.0,0.1,1.0,1.0
scifact,814,hybrid,1.0,1.0,0.1,1.0,1.0
scifact,820,hybrid,0.0,1.0,0.0,0.0333333333333333,0.0333333333333333
scifact,821,hybrid,0.0,1.0,0.0,0.0333333333333333,0.0333333333333333
scifact,823,hybrid,1.0,1.0,0.1,1.0,1.0
scifact,830,hybrid,0.0,1.0,0.0,0.0263157894736842,0.0263157894736842
scifact,831,hybrid,0.0,1.0,0.0,0.0344827586206896,0.0344827586206896
scifact,832,hybrid,1.0,1.0,0.1,1.0,1.0
scifact,834,hybrid,0.0,1.0,0.0,0.0161290322580645,0.0161290322580645
scifact,837,hybrid,0.5,1.0,0.1,0.3333333333333333,0.3333333333333333
scifact,839,hybrid,1.0,1.0,0.1,1.0,1.0
scifact,845,hybrid,1.0,1.0,0.1,1.0,1.0
scifact,847,hybrid,1.0,1.0,0.1,1.0,1.0
scifact,852,hybrid,1.0,1.0,0.1,1.0,1.0
scifact,859,hybrid,1.0,1.0,0.1,1.0,1.0
scifact,870,hybrid,0.0,0.0,0.0,0.0,0.0
scifact,873,hybrid,0.2090905274901754,0.8,0.2,0.125,0.1410111755856436
scifact,879,hybrid,1.0,1.0,0.1,1.0,1.0
scifact,880,hybrid,1.0,1.0,0.1,1.0,1.0
scifact,882,hybrid,1.0,1.0,0.1,1.0,1.0
scifact,887,hybrid,0.0,0.0,0.0,0.0,0.0
scifact,903,hybrid,1.0,1.0,0.1,1.0,1.0
scifact,904,hybrid,1.0,1.0,0.1,1.0,1.0
scifact,907,hybrid,1.0,1.0,0.1,1.0,1.0
scifact,911,hybrid,1.0,1.0,0.1,1.0,1.0
scifact,913,hybrid,0.0,1.0,0.0,0.0161290322580645,0.0161290322580645
scifact,914,hybrid,0.0,1.0,0.0,0.025,0.025
scifact,921,hybrid,1.0,1.0,0.1,1.0,1.0
scifact,922,hybrid,1.0,1.0,0.1,1.0,1.0
scifact,936,hybrid,0.430676558073393,1.0,0.1,0.25,0.25
scifact,94,hybrid,0.5,1.0,0.1,0.3333333333333333,0.3333333333333333
scifact,956,hybrid,1.0,1.0,0.1,1.0,1.0
scifact,957,hybrid,1.0,1.0,0.1,1.0,1.0
scifact,960,hybrid,1.0,1.0,0.1,1.0,1.0
scifact,967,hybrid,1.0,1.0,0.2,1.0,1.0
scifact,971,hybrid,0.6533933590057491,1.0,0.4,0.3333333333333333,0.5249999999999999
scifact,975,hybrid,0.0,0.0,0.0,0.0,0.0
scifact,982,hybrid,1.0,1.0,0.1,1.0,1.0
scifact,985,hybrid,1.0,1.0,0.1,1.0,1.0
scifact,99,hybrid,1.0,1.0,0.1,1.0,1.0
scifact,993,hybrid,0.6309297535714575,1.0,0.1,0.5,0.5
scifact,1,hybrid_reranker,0.0,0.0,0.0,0.0,0.0
scifact,100,hybrid_reranker,1.0,1.0,0.1,1.0,1.0
scifact,1012,hybrid_reranker,1.0,1.0,0.1,1.0,1.0
scifact,1014,hybrid_reranker,1.0,1.0,0.1,1.0,1.0
scifact,1019,hybrid_reranker,0.6309297535714575,1.0,0.1,0.5,0.5
scifact,1020,hybrid_reranker,0.3868528072345416,1.0,0.1,0.2,0.2
scifact,1021,hybrid_reranker,0.430676558073393,1.0,0.1,0.25,0.25
scifact,1024,hybrid_reranker,1.0,1.0,0.1,1.0,1.0
scifact,1029,hybrid_reranker,0.7653606369886217,1.0,0.2,1.0,0.712121212121212
scifact,1041,hybrid_reranker,0.2043823975884861,1.0,0.1,0.1428571428571428,0.1623376623376623
scifact,1049,hybrid_reranker,0.2890648263178879,1.0,0.1,0.1,0.1
scifact,1062,hybrid_reranker,1.0,1.0,0.1,1.0,1.0
scifact,1086,hybrid_reranker,1.0,1.0,0.1,1.0,1.0
scifact,1088,hybrid_reranker,0.5,1.0,0.1,0.3333333333333333,0.3333333333333333
scifact,1089,hybrid_reranker,1.0,1.0,0.1,1.0,1.0
scifact,1099,hybrid_reranker,0.5,1.0,0.1,0.3333333333333333,0.3333333333333333
scifact,1100,hybrid_reranker,1.0,1.0,0.1,1.0,1.0
scifact,1104,hybrid_reranker,1.0,1.0,0.1,1.0,1.0
scifact,1107,hybrid_reranker,1.0,1.0,0.1,1.0,1.0
scifact,1110,hybrid_reranker,0.0,0.0,0.0,0.0,0.0
scifact,1121,hybrid_reranker,1.0,1.0,0.1,1.0,1.0
scifact,113,hybrid_reranker,1.0,1.0,0.1,1.0,1.0
scifact,1130,hybrid_reranker,1.0,1.0,0.1,1.0,1.0
scifact,1132,hybrid_reranker,0.2371977127692962,1.0,0.1,0.2,0.1454545454545454
scifact,1137,hybrid_reranker,1.0,1.0,0.1,1.0,1.0
scifact,1140,hybrid_reranker,1.0,1.0,0.1,1.0,1.0
scifact,1144,hybrid_reranker,1.0,1.0,0.1,1.0,1.0
scifact,1146,hybrid_reranker,1.0,1.0,0.1,1.0,1.0
scifact,115,hybrid_reranker,1.0,1.0,0.1,1.0,1.0
scifact,1150,hybrid_reranker,1.0,1.0,0.1,1.0,1.0
scifact,1163,hybrid_reranker,1.0,1.0,0.1,1.0,1.0
scifact,1175,hybrid_reranker,0.0,0.0,0.0,0.0,0.0
scifact,1179,hybrid_reranker,0.0,1.0,0.0,0.0192307692307692,0.0192307692307692
scifact,118,hybrid_reranker,1.0,1.0,0.1,1.0,1.0
scifact,1180,hybrid_reranker,1.0,1.0,0.1,1.0,1.0
scifact,1185,hybrid_reranker,1.0,1.0,0.1,1.0,1.0
scifact,1187,hybrid_reranker,1.0,1.0,0.1,1.0,1.0
scifact,1191,hybrid_reranker,0.0,1.0,0.0,0.0625,0.0625
scifact,1194,hybrid_reranker,1.0,1.0,0.1,1.0,1.0
scifact,1196,hybrid_reranker,0.430676558073393,1.0,0.1,0.25,0.25
scifact,1197,hybrid_reranker,0.3868528072345416,1.0,0.1,0.2,0.2
scifact,1199,hybrid_reranker,0.0,0.0,0.0,0.0,0.0
scifact,1200,hybrid_reranker,0.0,0.0,0.0,0.0,0.0
scifact,1202,hybrid_reranker,0.6309297535714575,1.0,0.1,0.5,0.5
scifact,1204,hybrid_reranker,0.6309297535714575,1.0,0.1,0.5,0.5
scifact,1207,hybrid_reranker,1.0,1.0,0.1,1.0,1.0
scifact,1213,hybrid_reranker,0.0,0.0,0.0,0.0,0.0
scifact,1216,hybrid_reranker,1.0,1.0,0.1,1.0,1.0
scifact,1221,hybrid_reranker,0.3333333333333333,1.0,0.1,0.1428571428571428,0.1428571428571428
scifact,1225,hybrid_reranker,0.3562071871080222,1.0,0.1,0.1666666666666666,0.1666666666666666
scifact,1226,hybrid_reranker,0.0,1.0,0.0,0.0129870129870129,0.0129870129870129
scifact,1232,hybrid_reranker,1.0,1.0,0.1,1.0,1.0
scifact,124,hybrid_reranker,1.0,1.0,0.1,1.0,1.0
scifact,1241,hybrid_reranker,1.0,1.0,0.1,1.0,1.0
scifact,1245,hybrid_reranker,0.0,1.0,0.0,0.0625,0.0625
scifact,1259,hybrid_reranker,1.0,1.0,0.1,1.0,1.0
scifact,1262,hybrid_reranker,1.0,1.0,0.1,1.0,1.0
scifact,1266,hybrid_reranker,1.0,1.0,0.1,1.0,1.0
scifact,127,hybrid_reranker,0.6309297535714575,1.0,0.1,0.5,0.5
scifact,1270,hybrid_reranker,1.0,1.0,0.1,1.0,1.0
scifact,1271,hybrid_reranker,1.0,1.0,0.1,1.0,1.0
scifact,1272,hybrid_reranker,0.0,1.0,0.0,0.024390243902439,0.024390243902439
scifact,1273,hybrid_reranker,1.0,1.0,0.1,1.0,1.0
scifact,1274,hybrid_reranker,0.8072467605676945,1.0,0.3,1.0,0.6095238095238095
scifact,1278,hybrid_reranker,0.0,1.0,0.0,0.0588235294117647,0.0588235294117647
scifact,1279,hybrid_reranker,0.0,1.0,0.0,0.0104166666666666,0.0104166666666666
scifact,128,hybrid_reranker,0.0,1.0,0.0,0.0909090909090909,0.0909090909090909
scifact,1280,hybrid_reranker,0.3868528072345416,1.0,0.1,0.2,0.2
scifact,1281,hybrid_reranker,0.0,1.0,0.0,0.02,0.02
scifact,1282,hybrid_reranker,1.0,1.0,0.1,1.0,1.0
scifact,129,hybrid_reranker,1.0,1.0,0.1,1.0,1.0
scifact,1290,hybrid_reranker,1.0,1.0,0.1,1.0,1.0
scifact,1292,hybrid_reranker,0.3562071871080222,1.0,0.1,0.1666666666666666,0.1666666666666666
scifact,1298,hybrid_reranker,1.0,1.0,0.1,1.0,1.0
scifact,13,hybrid_reranker,0.0,1.0,0.0,0.0161290322580645,0.0161290322580645
scifact,130,hybrid_reranker,1.0,1.0,0.1,1.0,1.0
scifact,1303,hybrid_reranker,0.3562071871080222,1.0,0.1,0.1666666666666666,0.1666666666666666
scifact,1316,hybrid_reranker,0.0,1.0,0.0,0.0476190476190476,0.0476190476190476
scifact,1319,hybrid_reranker,1.0,1.0,0.1,1.0,1.0
scifact,132,hybrid_reranker,0.0,0.0,0.0,0.0,0.0
scifact,1320,hybrid_reranker,1.0,1.0,0.1,1.0,1.0
scifact,133,hybrid_reranker,0.3847308995175917,0.8,0.3,0.3333333333333333,0.2438095238095237
scifact,1332,hybrid_reranker,0.0,0.0,0.0,0.0,0.0
scifact,1335,hybrid_reranker,1.0,1.0,0.1,1.0,1.0
scifact,1336,hybrid_reranker,1.0,1.0,0.1,1.0,1.0
scifact,1337,hybrid_reranker,1.0,1.0,0.1,1.0,1.0
scifact,1339,hybrid_reranker,1.0,1.0,0.1,1.0,1.0
scifact,1344,hybrid_reranker,0.2890648263178879,1.0,0.1,0.1,0.1
scifact,1352,hybrid_reranker,1.0,1.0,0.1,1.0,1.0
scifact,1359,hybrid_reranker,1.0,1.0,0.1,1.0,1.0
scifact,1362,hybrid_reranker,0.0,1.0,0.0,0.0909090909090909,0.0909090909090909
scifact,1363,hybrid_reranker,0.2890648263178879,1.0,0.1,0.1,0.1
scifact,1368,hybrid_reranker,0.3010299956639812,1.0,0.1,0.1111111111111111,0.1111111111111111
scifact,137,hybrid_reranker,1.0,1.0,0.1,1.0,1.0
scifact,1370,hybrid_reranker,0.3154648767857287,1.0,0.1,0.125,0.125
scifact,1379,hybrid_reranker,0.7315682114753617,1.0,0.4,0.5,0.6083333333333333
scifact,1382,hybrid_reranker,1.0,1.0,0.1,1.0,1.0
scifact,1385,hybrid_reranker,1.0,1.0,0.1,1.0,1.0
scifact,1389,hybrid_reranker,1.0,1.0,0.1,1.0,1.0
scifact,1395,hybrid_reranker,0.6309297535714575,1.0,0.1,0.5,0.5
scifact,141,hybrid_reranker,0.9197207891481876,1.0,0.2,1.0,0.8333333333333333
scifact,142,hybrid_reranker,1.0,1.0,0.1,1.0,1.0
scifact,143,hybrid_reranker,1.0,1.0,0.1,1.0,1.0
scifact,146,hybrid_reranker,1.0,1.0,0.1,1.0,1.0
scifact,148,hybrid_reranker,1.0,1.0,0.1,1.0,1.0
scifact,163,hybrid_reranker,1.0,1.0,0.1,1.0,1.0
scifact,171,hybrid_reranker,1.0,1.0,0.1,1.0,1.0
scifact,179,hybrid_reranker,0.7053571733135213,1.0,0.4,0.5,0.5416666666666666
scifact,180,hybrid_reranker,1.0,1.0,0.1,1.0,1.0
scifact,183,hybrid_reranker,0.430676558073393,1.0,0.1,0.25,0.25
scifact,185,hybrid_reranker,0.430676558073393,1.0,0.1,0.25,0.25
scifact,198,hybrid_reranker,0.3010299956639812,1.0,0.1,0.1111111111111111,0.1111111111111111
scifact,208,hybrid_reranker,1.0,1.0,0.1,1.0,1.0
scifact,212,hybrid_reranker,0.3333333333333333,1.0,0.1,0.1428571428571428,0.1428571428571428
scifact,213,hybrid_reranker,0.3333333333333333,1.0,0.1,0.1428571428571428,0.1428571428571428
scifact,216,hybrid_reranker,1.0,1.0,0.1,1.0,1.0
scifact,217,hybrid_reranker,1.0,1.0,0.1,1.0,1.0
scifact,218,hybrid_reranker,1.0,1.0,0.1,1.0,1.0
scifact,219,hybrid_reranker,1.0,1.0,0.1,1.0,1.0
scifact,230,hybrid_reranker,1.0,1.0,0.1,1.0,1.0
scifact,232,hybrid_reranker,0.6309297535714575,1.0,0.1,0.5,0.5
scifact,233,hybrid_reranker,1.0,1.0,0.1,1.0,1.0
scifact,236,hybrid_reranker,1.0,1.0,0.1,1.0,1.0
scifact,237,hybrid_reranker,1.0,1.0,0.1,1.0,1.0
scifact,238,hybrid_reranker,0.0,1.0,0.0,0.0588235294117647,0.0588235294117647
scifact,239,hybrid_reranker,0.0,1.0,0.0,0.0454545454545454,0.0454545454545454
scifact,248,hybrid_reranker,1.0,1.0,0.1,1.0,1.0
scifact,249,hybrid_reranker,1.0,1.0,0.1,1.0,1.0
scifact,261,hybrid_reranker,0.3868528072345416,1.0,0.1,0.5,0.2678571428571428
scifact,268,hybrid_reranker,0.6309297535714575,1.0,0.1,0.5,0.5
scifact,269,hybrid_reranker,0.6309297535714575,1.0,0.1,0.5,0.5
scifact,274,hybrid_reranker,1.0,1.0,0.1,1.0,1.0
scifact,275,hybrid_reranker,0.7039180890341347,1.0,0.2,1.0,0.5972222222222222
scifact,279,hybrid_reranker,1.0,1.0,0.1,1.0,1.0
scifact,294,hybrid_reranker,1.0,1.0,0.1,1.0,1.0
scifact,295,hybrid_reranker,1.0,1.0,0.1,1.0,1.0
scifact,298,hybrid_reranker,1.0,1.0,0.1,1.0,1.0
scifact,3,hybrid_reranker,0.6309297535714575,1.0,0.1,0.5,0.5
scifact,300,hybrid_reranker,0.3868528072345416,1.0,0.1,0.2,0.2
scifact,303,hybrid_reranker,0.0,1.0,0.0,0.0909090909090909,0.0909090909090909
scifact,312,hybrid_reranker,0.3333333333333333,1.0,0.1,0.1428571428571428,0.1428571428571428
scifact,314,hybrid_reranker,0.3010299956639812,1.0,0.1,0.1111111111111111,0.1111111111111111
scifact,324,hybrid_reranker,0.3010299956639812,1.0,0.1,0.1111111111111111,0.1111111111111111
scifact,327,hybrid_reranker,1.0,1.0,0.1,1.0,1.0
scifact,338,hybrid_reranker,1.0,1.0,0.1,1.0,1.0
scifact,343,hybrid_reranker,0.6934264036172708,1.0,0.2,0.5,0.5833333333333333
scifact,350,hybrid_reranker,1.0,1.0,0.1,1.0,1.0
scifact,354,hybrid_reranker,1.0,1.0,0.1,1.0,1.0
scifact,36,hybrid_reranker,0.411833840435435,1.0,0.2,0.1666666666666666,0.2083333333333333
scifact,362,hybrid_reranker,1.0,1.0,0.1,1.0,1.0
scifact,380,hybrid_reranker,1.0,1.0,0.1,1.0,1.0
scifact,384,hybrid_reranker,0.5,1.0,0.1,0.3333333333333333,0.3333333333333333
scifact,385,hybrid_reranker,0.6934264036172708,1.0,0.2,0.5,0.5833333333333333
scifact,386,hybrid_reranker,1.0,1.0,0.1,1.0,1.0
scifact,388,hybrid_reranker,0.2890648263178879,1.0,0.1,0.1,0.1
scifact,399,hybrid_reranker,1.0,1.0,0.1,1.0,1.0
scifact,410,hybrid_reranker,1.0,1.0,0.1,1.0,1.0
scifact,411,hybrid_reranker,1.0,1.0,0.1,1.0,1.0
scifact,415,hybrid_reranker,0.3154648767857287,1.0,0.1,0.125,0.125
scifact,42,hybrid_reranker,1.0,1.0,0.1,1.0,1.0
scifact,421,hybrid_reranker,0.0,0.0,0.0,0.0,0.0
scifact,431,hybrid_reranker,0.0,1.0,0.0,0.0238095238095238,0.0238095238095238
scifact,436,hybrid_reranker,1.0,1.0,0.1,1.0,1.0
scifact,437,hybrid_reranker,0.0,0.0,0.0,0.0,0.0
scifact,439,hybrid_reranker,0.430676558073393,1.0,0.1,0.25,0.25
scifact,440,hybrid_reranker,0.3868528072345416,1.0,0.1,0.2,0.2
scifact,443,hybrid_reranker,1.0,1.0,0.1,1.0,1.0
scifact,452,hybrid_reranker,0.2640681225725909,1.0,0.1,0.25,0.157258064516129
scifact,475,hybrid_reranker,0.3333333333333333,1.0,0.1,0.1428571428571428,0.1428571428571428
scifact,478,hybrid_reranker,1.0,1.0,0.1,1.0,1.0
scifact,48,hybrid_reranker,1.0,1.0,0.1,1.0,1.0
scifact,49,hybrid_reranker,1.0,1.0,0.1,1.0,1.0
scifact,491,hybrid_reranker,0.6309297535714575,1.0,0.1,0.5,0.5
scifact,5,hybrid_reranker,1.0,1.0,0.1,1.0,1.0
scifact,50,hybrid_reranker,1.0,1.0,0.1,1.0,1.0
scifact,501,hybrid_reranker,1.0,1.0,0.1,1.0,1.0
scifact,502,hybrid_reranker,0.0,0.0,0.0,0.0,0.0
scifact,507,hybrid_reranker,0.5,1.0,0.1,0.3333333333333333,0.3333333333333333
scifact,508,hybrid_reranker,0.0,1.0,0.0,0.0158730158730158,0.0158730158730158
scifact,51,hybrid_reranker,0.6309297535714575,1.0,0.1,0.5,0.5
scifact,513,hybrid_reranker,0.5,1.0,0.1,0.3333333333333333,0.3333333333333333
scifact,514,hybrid_reranker,0.6309297535714575,1.0,0.1,0.5,0.5
scifact,516,hybrid_reranker,1.0,1.0,0.1,1.0,1.0
scifact,517,hybrid_reranker,0.0,1.0,0.0,0.02,0.02
scifact,521,hybrid_reranker,1.0,1.0,0.1,1.0,1.0
scifact,525,hybrid_reranker,1.0,1.0,0.1,1.0,1.0
scifact,527,hybrid_reranker,0.3562071871080222,1.0,0.1,0.1666666666666666,0.1666666666666666
scifact,528,hybrid_reranker,1.0,1.0,0.1,1.0,1.0
scifact,53,hybrid_reranker,1.0,1.0,0.1,1.0,1.0
scifact,532,hybrid_reranker,1.0,1.0,0.1,1.0,1.0
scifact,533,hybrid_reranker,1.0,1.0,0.1,1.0,1.0
scifact,535,hybrid_reranker,0.0,1.0,0.0,0.0416666666666666,0.0416666666666666
scifact,536,hybrid_reranker,0.6309297535714575,1.0,0.1,0.5,0.5
scifact,539,hybrid_reranker,1.0,1.0,0.1,1.0,1.0
scifact,54,hybrid_reranker,0.0,1.0,0.0,0.0909090909090909,0.0909090909090909
scifact,540,hybrid_reranker,0.2371977127692962,1.0,0.1,0.2,0.1128205128205128
scifact,544,hybrid_reranker,0.5,1.0,0.1,0.3333333333333333,0.3333333333333333
scifact,549,hybrid_reranker,0.6309297535714575,1.0,0.1,0.5,0.5
scifact,551,hybrid_reranker,0.6309297535714575,1.0,0.1,0.5,0.5
scifact,552,hybrid_reranker,1.0,1.0,0.1,1.0,1.0
scifact,554,hybrid_reranker,0.3010299956639812,1.0,0.1,0.1111111111111111,0.1111111111111111
scifact,56,hybrid_reranker,1.0,1.0,0.1,1.0,1.0
scifact,560,hybrid_reranker,0.0,0.0,0.0,0.0,0.0
scifact,569,hybrid_reranker,0.6309297535714575,1.0,0.1,0.5,0.5
scifact,57,hybrid_reranker,1.0,1.0,0.1,1.0,1.0
scifact,575,hybrid_reranker,0.6309297535714575,1.0,0.1,0.5,0.5
scifact,577,hybrid_reranker,0.0,0.0,0.0,0.0,0.0
scifact,578,hybrid_reranker,1.0,1.0,0.1,1.0,1.0
scifact,587,hybrid_reranker,0.430676558073393,1.0,0.1,0.25,0.25
scifact,589,hybrid_reranker,1.0,1.0,0.1,1.0,1.0
scifact,593,hybrid_reranker,1.0,1.0,0.1,1.0,1.0
scifact,597,hybrid_reranker,0.6256646589861505,1.0,0.3,0.5,0.425
scifact,598,hybrid_reranker,0.0,1.0,0.0,0.0833333333333333,0.0833333333333333
scifact,613,hybrid_reranker,1.0,1.0,0.1,1.0,1.0
scifact,619,hybrid_reranker,0.0,0.5,0.0,0.027027027027027,0.0135135135135135
scifact,623,hybrid_reranker,0.0,1.0,0.0,0.0714285714285714,0.0714285714285714
scifact,628,hybrid_reranker,1.0,1.0,0.1,1.0,1.0
scifact,636,hybrid_reranker,0.430676558073393,1.0,0.1,0.25,0.25
scifact,637,hybrid_reranker,0.5,1.0,0.1,0.3333333333333333,0.3333333333333333
scifact,641,hybrid_reranker,0.6131471927654584,1.0,0.1,1.0,0.5833333333333334
scifact,644,hybrid_reranker,1.0,1.0,0.1,1.0,1.0
scifact,649,hybrid_reranker,0.5,1.0,0.1,0.3333333333333333,0.3333333333333333
scifact,659,hybrid_reranker,0.2890648263178879,1.0,0.1,0.1,0.1
scifact,660,hybrid_reranker,0.0,1.0,0.0,0.0769230769230769,0.0769230769230769
scifact,674,hybrid_reranker,1.0,1.0,0.1,1.0,1.0
scifact,684,hybrid_reranker,0.5,1.0,0.1,0.3333333333333333,0.3333333333333333
scifact,690,hybrid_reranker,0.0,1.0,0.0,0.0416666666666666,0.0416666666666666
scifact,691,hybrid_reranker,0.6309297535714575,1.0,0.1,0.5,0.5
scifact,692,hybrid_reranker,1.0,1.0,0.1,1.0,1.0
scifact,693,hybrid_reranker,1.0,1.0,0.1,1.0,1.0
scifact,70,hybrid_reranker,0.1934264036172708,1.0,0.1,0.125,0.1339285714285714
scifact,700,hybrid_reranker,0.3868528072345416,1.0,0.1,0.2,0.2
scifact,702,hybrid_reranker,0.3333333333333333,1.0,0.1,0.1428571428571428,0.1428571428571428
scifact,715,hybrid_reranker,0.0,1.0,0.0,0.0263157894736842,0.0263157894736842
scifact,716,hybrid_reranker,0.0,0.0,0.0,0.0,0.0
scifact,718,hybrid_reranker,0.430676558073393,1.0,0.1,0.25,0.25
scifact,72,hybrid_reranker,0.3333333333333333,1.0,0.1,0.1428571428571428,0.1428571428571428
scifact,721,hybrid_reranker,1.0,1.0,0.1,1.0,1.0
scifact,723,hybrid_reranker,1.0,1.0,0.1,1.0,1.0
scifact,727,hybrid_reranker,0.3010299956639812,1.0,0.1,0.1111111111111111,0.1111111111111111
scifact,728,hybrid_reranker,0.5802792108518124,1.0,0.2,0.5,0.375
scifact,729,hybrid_reranker,0.5,1.0,0.1,0.3333333333333333,0.3333333333333333
scifact,742,hybrid_reranker,0.6309297535714575,1.0,0.1,0.5,0.5
scifact,743,hybrid_reranker,1.0,1.0,0.1,1.0,1.0
scifact,744,hybrid_reranker,0.6309297535714575,1.0,0.1,0.5,0.5
scifact,75,hybrid_reranker,1.0,1.0,0.1,1.0,1.0
scifact,756,hybrid_reranker,0.3333333333333333,1.0,0.1,0.1428571428571428,0.1428571428571428
scifact,759,hybrid_reranker,1.0,1.0,0.1,1.0,1.0
scifact,768,hybrid_reranker,0.0,1.0,0.0,0.0222222222222222,0.0222222222222222
scifact,770,hybrid_reranker,1.0,1.0,0.1,1.0,1.0
scifact,775,hybrid_reranker,0.0,0.0,0.0,0.0,0.0
scifact,781,hybrid_reranker,0.5,1.0,0.1,0.3333333333333333,0.3333333333333333
scifact,783,hybrid_reranker,0.0,1.0,0.0,0.0121951219512195,0.0121951219512195
scifact,784,hybrid_reranker,1.0,1.0,0.1,1.0,1.0
scifact,785,hybrid_reranker,0.6309297535714575,1.0,0.1,0.5,0.5
scifact,793,hybrid_reranker,0.6309297535714575,1.0,0.1,0.5,0.5
scifact,800,hybrid_reranker,0.6309297535714575,1.0,0.1,0.5,0.5
scifact,805,hybrid_reranker,1.0,1.0,0.1,1.0,1.0
scifact,808,hybrid_reranker,1.0,1.0,0.1,1.0,1.0
scifact,811,hybrid_reranker,1.0,1.0,0.1,1.0,1.0
scifact,814,hybrid_reranker,1.0,1.0,0.1,1.0,1.0
scifact,820,hybrid_reranker,0.0,1.0,0.0,0.0333333333333333,0.0333333333333333
scifact,821,hybrid_reranker,0.0,1.0,0.0,0.0333333333333333,0.0333333333333333
scifact,823,hybrid_reranker,1.0,1.0,0.1,1.0,1.0
scifact,830,hybrid_reranker,0.0,1.0,0.0,0.0263157894736842,0.0263157894736842
scifact,831,hybrid_reranker,0.0,1.0,0.0,0.0344827586206896,0.0344827586206896
scifact,832,hybrid_reranker,1.0,1.0,0.1,1.0,1.0
scifact,834,hybrid_reranker,0.0,1.0,0.0,0.0161290322580645,0.0161290322580645
scifact,837,hybrid_reranker,0.6309297535714575,1.0,0.1,0.5,0.5
scifact,839,hybrid_reranker,1.0,1.0,0.1,1.0,1.0
scifact,845,hybrid_reranker,1.0,1.0,0.1,1.0,1.0
scifact,847,hybrid_reranker,1.0,1.0,0.1,1.0,1.0
scifact,852,hybrid_reranker,0.3868528072345416,1.0,0.1,0.2,0.2
scifact,859,hybrid_reranker,0.3333333333333333,1.0,0.1,0.1428571428571428,0.1428571428571428
scifact,870,hybrid_reranker,0.0,0.0,0.0,0.0,0.0
scifact,873,hybrid_reranker,0.2001366809542687,0.8,0.2,0.1111111111111111,0.1167434988179669
scifact,879,hybrid_reranker,1.0,1.0,0.1,1.0,1.0
scifact,880,hybrid_reranker,0.6309297535714575,1.0,0.1,0.5,0.5
scifact,882,hybrid_reranker,1.0,1.0,0.1,1.0,1.0
scifact,887,hybrid_reranker,0.0,0.0,0.0,0.0,0.0
scifact,903,hybrid_reranker,1.0,1.0,0.1,1.0,1.0
scifact,904,hybrid_reranker,1.0,1.0,0.1,1.0,1.0
scifact,907,hybrid_reranker,1.0,1.0,0.1,1.0,1.0
scifact,911,hybrid_reranker,1.0,1.0,0.1,1.0,1.0
scifact,913,hybrid_reranker,0.0,1.0,0.0,0.0161290322580645,0.0161290322580645
scifact,914,hybrid_reranker,0.0,1.0,0.0,0.025,0.025
scifact,921,hybrid_reranker,1.0,1.0,0.1,1.0,1.0
scifact,922,hybrid_reranker,1.0,1.0,0.1,1.0,1.0
scifact,936,hybrid_reranker,1.0,1.0,0.1,1.0,1.0
scifact,94,hybrid_reranker,0.0,1.0,0.0,0.0833333333333333,0.0833333333333333
scifact,956,hybrid_reranker,0.6309297535714575,1.0,0.1,0.5,0.5
scifact,957,hybrid_reranker,1.0,1.0,0.1,1.0,1.0
scifact,960,hybrid_reranker,1.0,1.0,0.1,1.0,1.0
scifact,967,hybrid_reranker,0.8772153153380493,1.0,0.2,1.0,0.75
scifact,971,hybrid_reranker,0.7486761295186739,1.0,0.4,0.5,0.6458333333333333
scifact,975,hybrid_reranker,0.0,0.0,0.0,0.0,0.0
scifact,982,hybrid_reranker,1.0,1.0,0.1,1.0,1.0
scifact,985,hybrid_reranker,1.0,1.0,0.1,1.0,1.0
scifact,99,hybrid_reranker,0.6309297535714575,1.0,0.1,0.5,0.5
scifact,993,hybrid_reranker,0.5,1.0,0.1,0.3333333333333333,0.3333333333333333
trec-covid,1,bm25,0.07336392209936,0.0266875981161695,0.1,1.0,0.0084334020663103
trec-covid,10,bm25,0.7060531137794217,0.1347368421052631,0.9,1.0,0.1075772314301668
trec-covid,11,bm25,0.07336392209936,0.0240963855421686,0.1,1.0,0.0070532590336152
trec-covid,12,bm25,0.1591847664619541,0.0454545454545454,0.4,0.5,0.0160706329379193
trec-covid,13,bm25,0.7243570890670964,0.0668973471741637,0.8,1.0,0.0502604670848323
trec-covid,14,bm25,0.7451882492030324,0.1647058823529411,0.8,1.0,0.128684314869777
trec-covid,15,bm25,0.2200917662980801,0.0118203309692671,0.1,1.0,0.0032528001413839
trec-covid,16,bm25,0.6634580672378035,0.1033591731266149,0.7,1.0,0.0598540447143751
trec-covid,17,bm25,0.6293982185421705,0.091317365269461,1.0,1.0,0.0686155476142761
trec-covid,18,bm25,0.7612076758512343,0.1098726114649681,0.9,1.0,0.0865964381884977
trec-covid,19,bm25,0.3748665137226954,0.1441441441441441,0.7,0.3333333333333333,0.0643851250732158
trec-covid,2,bm25,0.3764255671009269,0.1019108280254777,0.5,0.25,0.0386739009967043
trec-covid,20,bm25,0.9305687780632228,0.1153846153846153,0.9,1.0,0.0986030726089985
trec-covid,21,bm25,0.6214011939609387,0.0380952380952381,0.8,0.5,0.0178035725062454
trec-covid,22,bm25,0.9305687780632228,0.1153846153846153,0.9,1.0,0.0923589635312333
trec-covid,23,bm25,0.6354611674552129,0.1024258760107816,0.7,1.0,0.0602618231209398
trec-covid,24,bm25,0.8899541168509599,0.1633663366336633,0.9,1.0,0.1300568600693125
trec-covid,25,bm25,0.6489315753318465,0.0415879017013232,0.5,1.0,0.0191079121144203
trec-covid,26,bm25,0.3589542101716347,0.0501285347043701,0.2,1.0,0.0240108165942927
trec-covid,27,bm25,0.4981987167157583,0.0494699646643109,0.6,1.0,0.0273272103467625
trec-covid,28,bm25,0.8482378089219647,0.1179673321234119,0.9,1.0,0.0901110438703096
trec-covid,29,bm25,0.8990684392693267,0.1076158940397351,1.0,1.0,0.0913637216565351
trec-covid,3,bm25,0.4533070530305447,0.071656050955414,0.4,1.0,0.0383412245697444
trec-covid,30,bm25,1.0,0.2513513513513513,1.0,1.0,0.2461598586474005
trec-covid,31,bm25,0.0857055293504147,0.0736543909348441,0.2,0.1111111111111111,0.0182954745085015
trec-covid,32,bm25,0.11004588314904,0.0277777777777777,0.1,0.3333333333333333,0.0044451939709392
trec-covid,33,bm25,0.5473983622993501,0.1067615658362989,0.4,1.0,0.052510100431043
trec-covid,34,bm25,0.566846266837174,0.0755813953488372,0.6,1.0,0.0365598240121716
trec-covid,35,bm25,0.3436966913921454,0.055045871559633,0.3,0.5,0.0171448276602355
trec-covid,36,bm25,0.8943938982876649,0.1374795417348608,1.0,1.0,0.125273529222052
trec-covid,37,bm25,0.535947565170589,0.1177777777777777,0.7,0.5,0.0664138211418613
trec-covid,38,bm25,0.793765255507228,0.0545023696682464,0.9,1.0,0.0447379844091327
trec-covid,39,bm25,0.8634438349876061,0.1093023255813953,1.0,1.0,0.1065088896851938
trec-covid,4,bm25,0.1884441521277154,0.0340264650283553,0.2,0.3333333333333333,0.0065243546468374
trec-covid,40,bm25,1.0,0.1636690647482014,1.0,1.0,0.1603077931888113
trec-covid,41,bm25,0.8187236973271443,0.135048231511254,0.9,1.0,0.0910664205249906
trec-covid,42,bm25,0.9074250374176304,0.3415637860082304,1.0,1.0,0.3124086800787668
trec-covid,43,bm25,0.5376575939891606,0.1739130434782608,0.8,0.5,0.1005875568225792
trec-covid,44,bm25,0.7917267193679839,0.0952380952380952,0.7,1.0,0.0641732611343354
trec-covid,45,bm25,0.5631580034820141,0.0806451612903225,0.8,1.0,0.0598385960792656
trec-covid,46,bm25,0.3205886217444331,0.1538461538461538,0.7,0.25,0.0791320147454644
trec-covid,47,bm25,0.3675007309190101,0.0666666666666666,0.5,0.5,0.0235102528942143
trec-covid,48,bm25,0.7273298443105218,0.072072072072072,0.6,1.0,0.0396936345861748
trec-covid,49,bm25,0.1763001066034291,0.0890688259109311,0.2,0.3333333333333333,0.0242442806787532
trec-covid,5,bm25,0.6318230150752979,0.0830618892508143,0.9,0.5,0.0533266885968284
trec-covid,50,bm25,0.3454159897675471,0.1094890510948905,0.4,0.5,0.0331610074145212
trec-covid,6,bm25,0.5095561132248604,0.0427528675703858,0.6,0.5,0.0241042830245063
trec-covid,7,bm25,0.8553475075669356,0.1372141372141372,0.8,1.0,0.1074536288647631
trec-covid,8,bm25,0.5312760608579427,0.0727848101265822,0.5,1.0,0.0417611832699166
trec-covid,9,bm25,0.1555411389333929,0.094240837696335,0.4,0.25,0.0272790566454034
trec-covid,1,dense,0.0462874812911848,0.0219780219780219,0.1,0.5,0.0037927822145622
trec-covid,10,dense,0.5261647047837555,0.0778947368421052,0.7,0.5,0.0392164266739912
trec-covid,11,dense,0.300149044346538,0.0337349397590361,0.4,0.3333333333333333,0.0117294553093102
trec-covid,12,dense,0.212038383171159,0.0487012987012987,0.4,0.5,0.0196809569944229
trec-covid,13,dense,0.3454159897675471,0.0322952710495963,0.4,1.0,0.0116677156000944
trec-covid,14,dense,0.8318477135310891,0.1019607843137254,0.8,1.0,0.0679966593363896
trec-covid,15,dense,0.6232212850974603,0.0803782505910165,0.8,1.0,0.0436304752291122
trec-covid,16,dense,0.8899541168509599,0.1136950904392764,0.9,1.0,0.0895874283104385
trec-covid,17,dense,0.5406447170446331,0.0464071856287425,0.5,1.0,0.0213692789356536
trec-covid,18,dense,0.751229286636309,0.0987261146496815,0.8,1.0,0.0678028422467612
trec-covid,19,dense,0.3030612086389451,0.1351351351351351,0.3,1.0,0.0597900585600814
trec-covid,2,dense,0.92663607790064,0.1719745222929936,0.9,1.0,0.128505878664816
trec-covid,20,dense,0.8389574121760601,0.1239316239316239,0.8,1.0,0.1081184883962585
trec-covid,21,dense,0.3704170788100666,0.0793650793650793,0.5,0.5,0.0419409558870941
trec-covid,22,dense,0.4936998576083541,0.13003663003663,0.6,0.5,0.0959430408856352
trec-covid,23,dense,0.841492960259019,0.1698113207547169,0.8,1.0,0.1255955317541122
trec-covid,24,dense,0.5826530801716386,0.1782178217821782,0.7,1.0,0.1332587325966801
trec-covid,25,dense,0.1635413866202963,0.0170132325141776,0.2,0.2,0.0020188997904787
trec-covid,26,dense,0.2172607128522298,0.0462724935732647,0.2,0.5,0.0172429301057291
trec-covid,27,dense,0.8922097294981223,0.0494699646643109,0.9,1.0,0.034114285713458
trec-covid,28,dense,0.2999050316974944,0.1143375680580762,0.3,0.5,0.0606697967559612
trec-covid,29,dense,0.6454274204551816,0.064569536423841,0.7,1.0,0.0372463398957121
trec-covid,3,dense,0.4789466152726709,0.0573248407643312,0.5,1.0,0.0276590924418828
trec-covid,30,dense,1.0,0.2054054054054054,1.0,1.0,0.1778434596583036
trec-covid,31,dense,0.5932774452693276,0.1048158640226629,0.6,1.0,0.0611991009602358
trec-covid,32,dense,0.1951890007906611,0.0324074074074074,0.2,0.3333333333333333,0.0054365267895676
trec-covid,33,dense,0.4470296390703731,0.1316725978647686,0.4,1.0,0.054907036570011
trec-covid,34,dense,0.102936184504069,0.063953488372093,0.2,0.3333333333333333,0.0124486879758628
trec-covid,35,dense,0.3005260969186081,0.1009174311926605,0.4,0.2,0.0295477688723072
trec-covid,36,dense,0.8630152897016882,0.1096563011456628,0.8,1.0,0.0847509296050792
trec-covid,37,dense,0.7079404827433219,0.1244444444444444,0.9,1.0,0.0898313042474969
trec-covid,38,dense,0.5947583085371805,0.0576619273301737,0.8,0.3333333333333333,0.0445736726285151
trec-covid,39,dense,0.8551595247651801,0.1046511627906976,1.0,1.0,0.1032260593106955
trec-covid,4,dense,0.2334332953725651,0.0567107750472589,0.3,1.0,0.021962102824409
trec-covid,40,dense,1.0,0.1654676258992805,1.0,1.0,0.1598346448214983
trec-covid,41,dense,0.9537125187088152,0.2347266881028939,1.0,1.0,0.2059621101445714
trec-covid,42,dense,0.9368077570869662,0.382716049382716,1.0,1.0,0.3743848247937127
trec-covid,43,dense,1.0,0.225296442687747,1.0,1.0,0.1887065927941512
trec-covid,44,dense,0.7896513676023281,0.1573498964803312,0.9,1.0,0.1334726291117984
trec-covid,45,dense,0.6000154988728347,0.0880893300248139,1.0,1.0,0.0728346632375059
trec-covid,46,dense,0.8392456378643482,0.1373626373626373,0.9,1.0,0.0920057471762654
trec-covid,47,dense,0.2835149363066189,0.1261904761904762,0.3,0.5,0.0651568457206399
trec-covid,48,dense,0.8611375561264454,0.1193693693693693,0.9,1.0,0.0931274939104632
trec-covid,49,dense,0.6158659875409204,0.1417004048582996,0.6,1.0,0.0738173763996766
trec-covid,5,dense,0.4551401629834313,0.0684039087947882,0.7,0.3333333333333333,0.0409803368550606
trec-covid,50,dense,0.8004427775361154,0.1021897810218978,0.8,1.0,0.0760590180298209
trec-covid,6,dense,0.1179321050151432,0.0344108446298227,0.2,0.25,0.0105182365895891
trec-covid,7,dense,0.5181190644203317,0.0831600831600831,0.5,1.0,0.0436857821416626
trec-covid,8,dense,0.2172607128522298,0.0332278481012658,0.2,0.5,0.0092371175425479
trec-covid,9,dense,0.4040450783097866,0.094240837696335,0.5,0.5,0.0344609059494714
trec-covid,1,hybrid,0.1980496723692202,0.0266875981161695,0.3,1.0,0.0076182877752543
trec-covid,10,hybrid,0.7111698237980458,0.1157894736842105,0.7,1.0,0.0763431868282236
trec-covid,11,hybrid,0.4973811325345484,0.036144578313253,0.4,1.0,0.0162673143268521
trec-covid,12,hybrid,0.0628147173759051,0.0568181818181818,0.2,0.3333333333333333,0.0228875422113453
trec-covid,13,hybrid,0.725606659407617,0.0553633217993079,0.8,1.0,0.0383679589637332
trec-covid,14,hybrid,0.9575861412006988,0.1803921568627451,1.0,1.0,0.1449585879419415
trec-covid,15,hybrid,0.5867442155340624,0.0614657210401891,0.7,1.0,0.0296342241326754
trec-covid,16,hybrid,0.7993991267928948,0.1291989664082687,0.9,1.0,0.1011315331064667
trec-covid,17,hybrid,0.7832906583706655,0.0838323353293413,0.9,1.0,0.0593150274546615
trec-covid,18,hybrid,0.6350677584671,0.10828025477707,0.9,1.0,0.0889684632658683
trec-covid,19,hybrid,0.4898514004213212,0.1801801801801801,0.6,1.0,0.0952934606346281
trec-covid,2,hybrid,0.7328955908230766,0.1464968152866242,0.7,1.0,0.0926485621135686
trec-covid,20,hybrid,0.8521705090845474,0.1225071225071225,0.8,1.0,0.1099544449196572
trec-covid,21,hybrid,0.4333386681411705,0.0682539682539682,0.5,1.0,0.0348828928091233
trec-covid,22,hybrid,0.9216017310213248,0.141025641025641,0.9,1.0,0.1137299716755203
trec-covid,23,hybrid,0.9537125187088152,0.1482479784366576,1.0,1.0,0.1138984906748107
trec-covid,24,hybrid,0.7967610662472991,0.1881188118811881,0.7,1.0,0.1507408495169038
trec-covid,25,hybrid,0.6015720654566381,0.0283553875236294,0.5,1.0,0.011211466877231
trec-covid,26,hybrid,0.2489083270225946,0.0565552699228791,0.2,0.5,0.0245522893413748
trec-covid,27,hybrid,0.8501591578697533,0.0624263839811543,1.0,1.0,0.0411600601152315
trec-covid,28,hybrid,0.5631102580041939,0.1143375680580762,0.5,1.0,0.0687233026880528
trec-covid,29,hybrid,0.8232070528472628,0.0993377483443708,0.9,1.0,0.0712835209190886
trec-covid,3,hybrid,0.5718530029991368,0.0684713375796178,0.5,1.0,0.0406536036409152
trec-covid,30,hybrid,1.0,0.2351351351351351,1.0,1.0,0.2242152095671186
trec-covid,31,hybrid,0.4296343278727054,0.1019830028328611,0.4,1.0,0.0443468475639578
trec-covid,32,hybrid,0.4225749983705864,0.0324074074074074,0.3,1.0,0.0123986353153019
trec-covid,33,hybrid,0.7058075148678526,0.1352313167259786,0.6,1.0,0.0706024991208172
trec-covid,34,hybrid,0.419891193972297,0.0988372093023255,0.4,1.0,0.0391634400403492
trec-covid,35,hybrid,0.3827160388385182,0.1009174311926605,0.5,0.3333333333333333,0.0342965961954363
trec-covid,36,hybrid,0.8863992957602966,0.1243862520458265,0.9,1.0,0.1101392946075976
trec-covid,37,hybrid,0.6710163164833095,0.1288888888888889,0.7,1.0,0.0855833924781443
trec-covid,38,hybrid,0.7631925784528221,0.0616113744075829,0.7,1.0,0.0512230867843108
trec-covid,39,hybrid,0.8803485966094551,0.1127906976744186,1.0,1.0,0.1120124455658463
trec-covid,4,hybrid,0.3300861567332724,0.0434782608695652,0.3,1.0,0.0132579751613691
trec-covid,40,hybrid,1.0,0.1726618705035971,1.0,1.0,0.1694410270200037
trec-covid,41,hybrid,1.0,0.2186495176848874,1.0,1.0,0.1863823288507846
trec-covid,42,hybrid,0.9368077570869662,0.3868312757201646,1.0,1.0,0.3796660197209076
trec-covid,43,hybrid,0.8611375561264454,0.2371541501976284,0.9,1.0,0.1938627613450755
trec-covid,44,hybrid,0.9432379215722528,0.1469979296066252,1.0,1.0,0.1224702437735385
trec-covid,45,hybrid,0.5978252119586981,0.0893300248138957,1.0,1.0,0.0759825339101373
trec-covid,46,hybrid,0.6378168622695074,0.1758241758241758,0.7,1.0,0.1191436434013848
trec-covid,47,hybrid,0.3494867399516553,0.1047619047619047,0.4,0.3333333333333333,0.0493568248774722
trec-covid,48,hybrid,0.914856882358379,0.1193693693693693,0.9,1.0,0.0901241307688346
trec-covid,49,hybrid,0.6027182286624955,0.1417004048582996,0.6,1.0,0.0649055110896416
trec-covid,5,hybrid,0.5950771099384009,0.0928338762214983,0.7,1.0,0.0622822851863808
trec-covid,50,hybrid,0.6666413673686876,0.1386861313868613,0.6,1.0,0.0720307367446657
trec-covid,6,hybrid,0.4694544702460292,0.0385818561001042,0.4,1.0,0.0185368880487783
trec-covid,7,hybrid,0.8006937664098819,0.1205821205821205,0.7,1.0,0.0846539153518357
trec-covid,8,hybrid,0.4728935033594544,0.0537974683544303,0.6,0.3333333333333333,0.0236779100597267
trec-covid,9,hybrid,0.3368310053962181,0.1099476439790576,0.3,1.0,0.0409791244947149
trec-covid,1,hybrid_reranker,0.3030612086389451,0.0266875981161695,0.3,1.0,0.0084032171316123
trec-covid,10,hybrid_reranker,0.8943286401726793,0.1157894736842105,1.0,1.0,0.0812208816172758
trec-covid,11,hybrid_reranker,0.4951328496468998,0.036144578313253,0.4,1.0,0.0165584789854866
trec-covid,12,hybrid_reranker,0.2521739332444666,0.0568181818181818,0.5,0.3333333333333333,0.0244498761097835
trec-covid,13,hybrid_reranker,0.8232070528472628,0.0553633217993079,0.9,1.0,0.0392216293630237
trec-covid,14,hybrid_reranker,1.0,0.1803921568627451,1.0,1.0,0.1440897665968863
trec-covid,15,hybrid_reranker,0.5996546053949703,0.0614657210401891,0.8,1.0,0.0327818130678716
trec-covid,16,hybrid_reranker,0.7658817157649882,0.1291989664082687,0.9,1.0,0.1022543336478718
trec-covid,17,hybrid_reranker,0.8108582970019788,0.0838323353293413,1.0,1.0,0.0614573950544849
trec-covid,18,hybrid_reranker,0.7987569551639401,0.10828025477707,0.9,1.0,0.0894990160278156
trec-covid,19,hybrid_reranker,0.2684153092311176,0.1801801801801801,0.4,1.0,0.0758845618139646
trec-covid,2,hybrid_reranker,0.9368077570869662,0.1464968152866242,1.0,1.0,0.0987779526026148
trec-covid,20,hybrid_reranker,1.0,0.1225071225071225,1.0,1.0,0.1120300592156083
trec-covid,21,hybrid_reranker,0.7156143440721535,0.0682539682539682,0.7,1.0,0.0385746147575164
trec-covid,22,hybrid_reranker,1.0,0.141025641025641,1.0,1.0,0.1156681535587571
trec-covid,23,hybrid_reranker,0.8108582970019788,0.1482479784366576,1.0,1.0,0.1152601916203074
trec-covid,24,hybrid_reranker,0.8878984756873927,0.1881188118811881,1.0,1.0,0.155850099119015
trec-covid,25,hybrid_reranker,0.4921438339662672,0.0283553875236294,0.4,1.0,0.0107766745143601
trec-covid,26,hybrid_reranker,0.5079937796926364,0.0565552699228791,0.6,0.3333333333333333,0.0262947939470596
trec-covid,27,hybrid_reranker,0.6297205348488369,0.0624263839811543,0.6,1.0,0.0391930285363729
trec-covid,28,hybrid_reranker,0.8863992957602966,0.1143375680580762,0.9,1.0,0.0757513546295186
trec-covid,29,hybrid_reranker,0.74006898477194,0.0993377483443708,0.8,1.0,0.0702276691182037
trec-covid,3,hybrid_reranker,0.7211420068244532,0.0684713375796178,0.8,1.0,0.0426064300961302
trec-covid,30,hybrid_reranker,1.0,0.2351351351351351,1.0,1.0,0.2242152095671186
trec-covid,31,hybrid_reranker,0.430483045918355,0.1019830028328611,0.5,1.0,0.0456530562820891
trec-covid,32,hybrid_reranker,0.424926013816671,0.0324074074074074,0.3,1.0,0.0129387587720921
trec-covid,33,hybrid_reranker,0.6800855224530538,0.1352313167259786,0.8,1.0,0.0713599464974817
trec-covid,34,hybrid_reranker,0.3209814960324708,0.0988372093023255,0.5,0.5,0.0385937900520945
trec-covid,35,hybrid_reranker,0.6185197008414421,0.1009174311926605,0.6,1.0,0.0419456049338945
trec-covid,36,hybrid_reranker,0.933745776545611,0.1243862520458265,0.9,1.0,0.1108526495507463
trec-covid,37,hybrid_reranker,0.5942545074170508,0.1288888888888889,0.9,0.5,0.0844217362331548
trec-covid,38,hybrid_reranker,0.8796171333733009,0.0616113744075829,0.9,1.0,0.0529644732308826
trec-covid,39,hybrid_reranker,0.9432379215722528,0.1127906976744186,1.0,1.0,0.1120124455658463
trec-covid,4,hybrid_reranker,0.4821236137550592,0.0434782608695652,0.4,1.0,0.0160581387714024
trec-covid,40,hybrid_reranker,1.0,0.1726618705035971,1.0,1.0,0.1694410270200037
trec-covid,41,hybrid_reranker,0.9510907186004268,0.2186495176848874,1.0,1.0,0.1886102408356227
trec-covid,42,hybrid_reranker,0.8532721558012799,0.3868312757201646,1.0,1.0,0.3796660197209076
trec-covid,43,hybrid_reranker,1.0,0.2371541501976284,1.0,1.0,0.2021542224405051
trec-covid,44,hybrid_reranker,0.92663607790064,0.1469979296066252,0.9,1.0,0.1225579679971299
trec-covid,45,hybrid_reranker,0.7136029928573593,0.0893300248138957,1.0,1.0,0.075855199444942
trec-covid,46,hybrid_reranker,0.5968763075254392,0.1758241758241758,0.8,0.3333333333333333,0.1057640666289509
trec-covid,47,hybrid_reranker,0.3882251478215036,0.1047619047619047,0.4,0.5,0.0507025405141542
trec-covid,48,hybrid_reranker,0.92663607790064,0.1193693693693693,0.9,1.0,0.0901640280513789
trec-covid,49,hybrid_reranker,0.6489315753318465,0.1417004048582996,0.5,1.0,0.0685531022541541
trec-covid,5,hybrid_reranker,0.7074883496193006,0.0928338762214983,0.9,1.0,0.064634096708002
trec-covid,50,hybrid_reranker,0.6971490728095348,0.1386861313868613,0.7,1.0,0.0760836586807993
trec-covid,6,hybrid_reranker,0.7104770117651426,0.0385818561001042,0.8,0.5,0.0202105764273676
trec-covid,7,hybrid_reranker,0.8611375561264454,0.1205821205821205,0.9,1.0,0.085270949354795
trec-covid,8,hybrid_reranker,0.4888292218249754,0.0537974683544303,0.4,1.0,0.0242673873897104
trec-covid,9,hybrid_reranker,0.2962480127484703,0.1099476439790576,0.4,0.5,0.0406275563420996
